ISO-10303-21;
HEADER;
FILE_DESCRIPTION (( 'STEP AP203' ),
    '1' );
FILE_NAME ('2025-03-24 Fixie Stem.STEP',
    '2025-09-03T19:46:55',
    ( '' ),
    ( '' ),
    'SwSTEP 2.0',
    'SolidWorks 2024',
    '' );
FILE_SCHEMA (( 'CONFIG_CONTROL_DESIGN' ));
ENDSEC;

DATA;
#1 = DIRECTION ( 'NONE',  ( 0.000000000000000000, 0.3255681544571603636, -0.9455185755993154029 ) ) ;
#2 = CARTESIAN_POINT ( 'NONE',  ( -0.06620099335446712197, -0.3590740772584215534, -0.8551807442585857011 ) ) ;
#3 = ORIENTED_EDGE ( 'NONE', *, *, #849, .T. ) ;
#4 = VECTOR ( 'NONE', #1148, 39.37007874015748143 ) ;
#5 = ADVANCED_FACE ( 'NONE', ( #616 ), #310, .F. ) ;
#6 = CARTESIAN_POINT ( 'NONE',  ( 0.2075934272996627916, 0.01430647393156776921, -2.452476090782073737 ) ) ;
#7 = VERTEX_POINT ( 'NONE', #1407 ) ;
#8 = ORIENTED_EDGE ( 'NONE', *, *, #917, .T. ) ;
#9 = LINE ( 'NONE', #1250, #966 ) ;
#10 = EDGE_CURVE ( 'NONE', #74, #208, #27, .T. ) ;
#11 = CARTESIAN_POINT ( 'NONE',  ( -0.8125000000000000000, -0.5920264196919171606, 0.4983068368489724231 ) ) ;
#12 = CARTESIAN_POINT ( 'NONE',  ( 0.8125000000000000000, 1.000000000000000222, 1.112586786809755646 ) ) ;
#13 = ORIENTED_EDGE ( 'NONE', *, *, #58, .F. ) ;
#14 = EDGE_CURVE ( 'NONE', #1071, #346, #1731, .T. ) ;
#15 = CYLINDRICAL_SURFACE ( 'NONE', #587, 0.1562500000000002776 ) ;
#16 = CIRCLE ( 'NONE', #175, 0.1562500000000002776 ) ;
#17 = ORIENTED_EDGE ( 'NONE', *, *, #1968, .F. ) ;
#18 = ORIENTED_EDGE ( 'NONE', *, *, #1820, .T. ) ;
#19 = CARTESIAN_POINT ( 'NONE',  ( 0.8125000000000000000, -0.1598721351500156374, -0.7567603371518142330 ) ) ;
#20 = AXIS2_PLACEMENT_3D ( 'NONE', #244, #425, #1490 ) ;
#21 = DIRECTION ( 'NONE',  ( 1.000000000000000000, 0.000000000000000000, 0.000000000000000000 ) ) ;
#22 = DIRECTION ( 'NONE',  ( -1.000000000000000000, -0.000000000000000000, -0.000000000000000000 ) ) ;
#23 = VERTEX_POINT ( 'NONE', #1089 ) ;
#24 = EDGE_CURVE ( 'NONE', #1447, #1275, #1829, .T. ) ;
#25 = DIRECTION ( 'NONE',  ( -1.000000000000000000, 0.000000000000000000, -0.000000000000000000 ) ) ;
#26 = EDGE_LOOP ( 'NONE', ( #791, #1267, #1421, #523 ) ) ;
#27 = LINE ( 'NONE', #771, #1462 ) ;
#28 = ORIENTED_EDGE ( 'NONE', *, *, #1039, .T. ) ;
#29 = CARTESIAN_POINT ( 'NONE',  ( 0.8125000000000000000, 0.3974311839712922900, -0.2715890908012159044 ) ) ;
#30 = CIRCLE ( 'NONE', #1589, 0.8750000000000002220 ) ;
#31 = B_SPLINE_CURVE_WITH_KNOTS ( 'NONE', 3,
 ( #1271, #1897, #1132, #1750, #349, #980, #1919, #515, #1142, #1762 ),
 .UNSPECIFIED., .F., .F.,
 ( 4, 2, 2, 2, 4 ),
 ( 0.003178263996052221353, 0.005158400176931979969, 0.007138536357811738585, 0.009118672538691497201, 0.01109880871957125495 ),
 .UNSPECIFIED. ) ;
#32 = CARTESIAN_POINT ( 'NONE',  ( -0.2095936563306016187, 0.09357009002957769606, -2.458934982740826225 ) ) ;
#33 = DIRECTION ( 'NONE',  ( 0.000000000000000000, 1.000000000000000000, -2.220446049250313081E-16 ) ) ;
#34 = EDGE_LOOP ( 'NONE', ( #196, #1188, #338, #1154 ) ) ;
#35 = DIRECTION ( 'NONE',  ( 0.000000000000000000, -1.000000000000000000, 2.220446049250313574E-16 ) ) ;
#36 = ORIENTED_EDGE ( 'NONE', *, *, #1684, .F. ) ;
#37 = VERTEX_POINT ( 'NONE', #957 ) ;
#38 = ORIENTED_EDGE ( 'NONE', *, *, #626, .F. ) ;
#39 = DIRECTION ( 'NONE',  ( 0.000000000000000000, 0.3255681544571606412, -0.9455185755993155139 ) ) ;
#40 = CIRCLE ( 'NONE', #1433, 0.2187500000000003608 ) ;
#41 = FACE_OUTER_BOUND ( 'NONE', #845, .T. ) ;
#42 = CARTESIAN_POINT ( 'NONE',  ( 0.8125000000000000000, 0.3974311839712922900, -0.2715890908012159044 ) ) ;
#43 = DIRECTION ( 'NONE',  ( 0.000000000000000000, 0.000000000000000000, 1.000000000000000000 ) ) ;
#44 = ORIENTED_EDGE ( 'NONE', *, *, #766, .T. ) ;
#45 = EDGE_CURVE ( 'NONE', #1024, #1080, #1556, .T. ) ;
#46 = DIRECTION ( 'NONE',  ( 1.000000000000000000, 0.000000000000000000, 0.000000000000000000 ) ) ;
#47 = EDGE_CURVE ( 'NONE', #1071, #1450, #488, .T. ) ;
#48 = ORIENTED_EDGE ( 'NONE', *, *, #1935, .T. ) ;
#49 = AXIS2_PLACEMENT_3D ( 'NONE', #447, #1064, #1531 ) ;
#50 = VERTEX_POINT ( 'NONE', #290 ) ;
#51 = ORIENTED_EDGE ( 'NONE', *, *, #1884, .F. ) ;
#52 = DIRECTION ( 'NONE',  ( 0.000000000000000000, 0.3255681544571606412, -0.9455185755993155139 ) ) ;
#53 = AXIS2_PLACEMENT_3D ( 'NONE', #1817, #1652, #1479 ) ;
#54 = CYLINDRICAL_SURFACE ( 'NONE', #779, 0.1562500000000002776 ) ;
#55 = DIRECTION ( 'NONE',  ( -0.000000000000000000, -0.9455185755993154029, -0.3255681544571603636 ) ) ;
#56 = ORIENTED_EDGE ( 'NONE', *, *, #363, .T. ) ;
#57 = CARTESIAN_POINT ( 'NONE',  ( 0.02712392044430398177, -0.3721653053651867715, -2.304137274377296762 ) ) ;
#58 = EDGE_CURVE ( 'NONE', #833, #23, #1632, .T. ) ;
#59 = ORIENTED_EDGE ( 'NONE', *, *, #1549, .T. ) ;
#60 = EDGE_LOOP ( 'NONE', ( #82, #1268 ) ) ;
#61 = VERTEX_POINT ( 'NONE', #167 ) ;
#62 = EDGE_LOOP ( 'NONE', ( #541, #348, #781, #389 ) ) ;
#63 = LINE ( 'NONE', #1742, #1067 ) ;
#64 = EDGE_CURVE ( 'NONE', #1943, #1447, #146, .T. ) ;
#65 = VECTOR ( 'NONE', #294, 39.37007874015748143 ) ;
#66 = DIRECTION ( 'NONE',  ( -1.000000000000000000, 0.000000000000000000, -0.000000000000000000 ) ) ;
#67 = CYLINDRICAL_SURFACE ( 'NONE', #1002, 0.6250000000000003331 ) ;
#68 = ORIENTED_EDGE ( 'NONE', *, *, #1234, .F. ) ;
#69 = CARTESIAN_POINT ( 'NONE',  ( 0.06639144685696629633, -0.3594156673196574059, -0.8553720681779427570 ) ) ;
#70 = ORIENTED_EDGE ( 'NONE', *, *, #1986, .T. ) ;
#71 = VERTEX_POINT ( 'NONE', #790 ) ;
#72 = VERTEX_POINT ( 'NONE', #1079 ) ;
#73 = CARTESIAN_POINT ( 'NONE',  ( 0.01376475712189739568, -0.3740224819584802018, -0.8653390908012161820 ) ) ;
#74 = VERTEX_POINT ( 'NONE', #1698 ) ;
#75 = CARTESIAN_POINT ( 'NONE',  ( -0.1889811074619788533, -0.1598721351500156651, -0.7567603371518142330 ) ) ;
#76 = EDGE_LOOP ( 'NONE', ( #1313, #973 ) ) ;
#77 = LINE ( 'NONE', #700, #1567 ) ;
#78 = FACE_BOUND ( 'NONE', #1270, .T. ) ;
#79 = ORIENTED_EDGE ( 'NONE', *, *, #215, .F. ) ;
#80 = CARTESIAN_POINT ( 'NONE',  ( 0.8125000000000000000, 0.1474311839712919014, -0.7093766569204307260 ) ) ;
#81 = CARTESIAN_POINT ( 'NONE',  ( -2.296212748401286986E-16, 1.441941738241593551, -0.8028390908012162930 ) ) ;
#82 = ORIENTED_EDGE ( 'NONE', *, *, #533, .F. ) ;
#83 = FACE_OUTER_BOUND ( 'NONE', #606, .T. ) ;
#84 = DIRECTION ( 'NONE',  ( 1.000000000000000000, 0.000000000000000000, 0.000000000000000000 ) ) ;
#85 = VERTEX_POINT ( 'NONE', #298 ) ;
#86 = VECTOR ( 'NONE', #326, 39.37007874015748143 ) ;
#87 = FACE_OUTER_BOUND ( 'NONE', #1290, .T. ) ;
#88 = DIRECTION ( 'NONE',  ( -1.000000000000000000, 0.000000000000000000, -0.000000000000000000 ) ) ;
#89 = EDGE_LOOP ( 'NONE', ( #1348, #1716, #59, #847 ) ) ;
#90 = AXIS2_PLACEMENT_3D ( 'NONE', #253, #1323, #395 ) ;
#91 = CYLINDRICAL_SURFACE ( 'NONE', #761, 0.8750000000000002220 ) ;
#92 = CARTESIAN_POINT ( 'NONE',  ( 0.1249999999999999167, 0.8300855059828667892, 0.4106549271826874792 ) ) ;
#93 = ORIENTED_EDGE ( 'NONE', *, *, #155, .T. ) ;
#94 = CARTESIAN_POINT ( 'NONE',  ( 0.1249999999999999167, 0.1474311839712925676, 0.4106549271826878678 ) ) ;
#95 = APPROVAL_DATE_TIME ( #247, #487 ) ;
#96 = ORIENTED_EDGE ( 'NONE', *, *, #474, .F. ) ;
#97 = CARTESIAN_POINT ( 'NONE',  ( -3.122595204330516647E-21, -0.3740224819584790361, -2.302839090801215516 ) ) ;
#98 = AXIS2_PLACEMENT_3D ( 'NONE', #873, #1492, #717 ) ;
#99 = PLANE ( 'NONE',  #1739 ) ;
#100 = DIRECTION ( 'NONE',  ( 0.000000000000000000, 0.000000000000000000, 1.000000000000000000 ) ) ;
#101 = EDGE_CURVE ( 'NONE', #657, #512, #924, .T. ) ;
#102 = DIRECTION ( 'NONE',  ( 1.000000000000000000, 0.000000000000000000, 0.000000000000000000 ) ) ;
#103 = VECTOR ( 'NONE', #876, 39.37007874015748854 ) ;
#104 = APPLICATION_PROTOCOL_DEFINITION ( 'international standard', 'config_control_design', 1994, #1330 ) ;
#105 = ORIENTED_EDGE ( 'NONE', *, *, #1979, .T. ) ;
#106 = CC_DESIGN_PERSON_AND_ORGANIZATION_ASSIGNMENT ( #1215, #1837, ( #1555 ) ) ;
#107 = DIRECTION ( 'NONE',  ( 0.000000000000000000, 0.3255681544571603636, -0.9455185755993155139 ) ) ;
#108 = ADVANCED_FACE ( 'NONE', ( #1686 ), #1379, .T. ) ;
#109 = CARTESIAN_POINT ( 'NONE',  ( -0.1935589880341413160, -0.1352482717240252319, -0.7485864096742713691 ) ) ;
#110 = PLANE ( 'NONE',  #470 ) ;
#111 = ADVANCED_FACE ( 'NONE', ( #1704 ), #455, .T. ) ;
#112 = DIRECTION ( 'NONE',  ( 0.000000000000000000, 0.000000000000000000, -1.000000000000000000 ) ) ;
#113 = EDGE_CURVE ( 'NONE', #173, #1006, #1223, .T. ) ;
#114 = CARTESIAN_POINT ( 'NONE',  ( -0.1454259735160509659, -0.2834910613114470790, -2.357981550942827020 ) ) ;
#115 = AXIS2_PLACEMENT_3D ( 'NONE', #642, #1769, #972 ) ;
#116 = CARTESIAN_POINT ( 'NONE',  ( 0.000000000000000000, 0.2724311839712926231, -2.302839090801215960 ) ) ;
#117 = DIRECTION ( 'NONE',  ( 0.000000000000000000, -6.106226635438360972E-16, 1.000000000000000000 ) ) ;
#118 = VECTOR ( 'NONE', #1212, 39.37007874015748143 ) ;
#119 = ADVANCED_FACE ( 'NONE', ( #595 ), #1085, .T. ) ;
#120 = DIRECTION ( 'NONE',  ( 0.000000000000000000, 1.000000000000000000, 3.330669073875469621E-16 ) ) ;
#121 = EDGE_CURVE ( 'NONE', #1773, #1098, #2007, .T. ) ;
#122 = CARTESIAN_POINT ( 'NONE',  ( -2.296212748401286986E-16, 0.1474311839712919014, -0.6465890908012159599 ) ) ;
#123 = DIRECTION ( 'NONE',  ( -1.000000000000000000, 0.000000000000000000, -0.000000000000000000 ) ) ;
#124 = CARTESIAN_POINT ( 'NONE',  ( -0.05381309445815688625, -0.3643534824031866570, -0.8587145260465799401 ) ) ;
#125 = CARTESIAN_POINT ( 'NONE',  ( 0.1250000000000000833, 0.6758700241339319348, 0.01291764974529452208 ) ) ;
#126 = VECTOR ( 'NONE', #1861, 39.37007874015748143 ) ;
#127 = APPROVAL_STATUS ( 'not_yet_approved' ) ;
#128 = APPROVAL_PERSON_ORGANIZATION ( #435, #487, #567 ) ;
#129 = CARTESIAN_POINT ( 'NONE',  ( 0.8125000000000000000, 0.3974311839712925121, -2.146589090801215960 ) ) ;
#130 = FACE_OUTER_BOUND ( 'NONE', #852, .T. ) ;
#131 = LINE ( 'NONE', #2008, #320 ) ;
#132 = VECTOR ( 'NONE', #1565, 39.37007874015748143 ) ;
#133 = DIRECTION ( 'NONE',  ( 1.000000000000000000, 0.000000000000000000, 0.000000000000000000 ) ) ;
#134 = PERSON_AND_ORGANIZATION ( #956, #485 ) ;
#135 = DIRECTION ( 'NONE',  ( -1.000000000000000000, 0.000000000000000000, -0.000000000000000000 ) ) ;
#136 = DIRECTION ( 'NONE',  ( -1.000000000000000000, 0.000000000000000000, -0.000000000000000000 ) ) ;
#137 = EDGE_LOOP ( 'NONE', ( #186, #1573, #539, #1620 ) ) ;
#138 = FACE_OUTER_BOUND ( 'NONE', #648, .T. ) ;
#139 = CIRCLE ( 'NONE', #498, 0.1562500000000000000 ) ;
#140 = CARTESIAN_POINT ( 'NONE',  ( -0.5565013477072630055, 1.000000000000000222, 1.112586786809755646 ) ) ;
#141 = CARTESIAN_POINT ( 'NONE',  ( -2.296212748401286986E-16, 0.8750000000000002220, -0.8028390908012162930 ) ) ;
#142 = EDGE_CURVE ( 'NONE', #208, #811, #1096, .T. ) ;
#143 = CARTESIAN_POINT ( 'NONE',  ( -0.1249999999999999306, 0.1474311839712924010, -0.08934507281731217387 ) ) ;
#144 = CALENDAR_DATE ( 2025, 3, 9 ) ;
#145 = VECTOR ( 'NONE', #1500, 39.37007874015748143 ) ;
#146 = LINE ( 'NONE', #1376, #1106 ) ;
#147 = ORIENTED_EDGE ( 'NONE', *, *, #917, .F. ) ;
#148 = LINE ( 'NONE', #1081, #767 ) ;
#149 = EDGE_CURVE ( 'NONE', #346, #1759, #831, .T. ) ;
#150 = DIRECTION ( 'NONE',  ( 0.000000000000000000, 0.3255681544571606412, -0.9455185755993155139 ) ) ;
#151 = DIRECTION ( 'NONE',  ( 0.000000000000000000, -1.000000000000000000, 1.332267629550188243E-15 ) ) ;
#152 = CARTESIAN_POINT ( 'NONE',  ( -2.296212748401286986E-16, 0.3974311839712926231, -0.6465890908012157379 ) ) ;
#153 = EDGE_LOOP ( 'NONE', ( #1881, #1913, #1809, #1966, #856, #1465, #210, #371 ) ) ;
#154 = DIRECTION ( 'NONE',  ( -0.000000000000000000, -1.000000000000000000, -0.000000000000000000 ) ) ;
#155 = EDGE_CURVE ( 'NONE', #1741, #992, #768, .T. ) ;
#156 = EDGE_LOOP ( 'NONE', ( #1418, #1156 ) ) ;
#157 = VECTOR ( 'NONE', #1754, 39.37007874015748143 ) ;
#158 = ORIENTED_EDGE ( 'NONE', *, *, #518, .F. ) ;
#159 = PLANE ( 'NONE',  #928 ) ;
#160 = EDGE_CURVE ( 'NONE', #1141, #50, #920, .T. ) ;
#161 = AXIS2_PLACEMENT_3D ( 'NONE', #1682, #427, #708 ) ;
#162 = EDGE_CURVE ( 'NONE', #249, #882, #1074, .T. ) ;
#163 = DIRECTION ( 'NONE',  ( 0.000000000000000000, -1.000000000000000000, -3.330669073875469621E-16 ) ) ;
#164 = CARTESIAN_POINT ( 'NONE',  ( -0.08920814578611488410, -0.3460961236123193396, -0.8466909302115303015 ) ) ;
#165 = ORIENTED_EDGE ( 'NONE', *, *, #238, .F. ) ;
#166 = FACE_OUTER_BOUND ( 'NONE', #490, .T. ) ;
#167 = CARTESIAN_POINT ( 'NONE',  ( 0.8125000000000000000, 0.3974311839712927341, -2.146589090801215960 ) ) ;
#168 = EDGE_LOOP ( 'NONE', ( #1386, #1647 ) ) ;
#169 = DIRECTION ( 'NONE',  ( 0.000000000000000000, 1.000000000000000000, 1.665334536937734811E-15 ) ) ;
#170 = CARTESIAN_POINT ( 'NONE',  ( 0.8125000000000000000, 0.3974311839712922900, -0.2715890908012159044 ) ) ;
#171 = ADVANCED_FACE ( 'NONE', ( #748 ), #1243, .T. ) ;
#172 = DIRECTION ( 'NONE',  ( 1.000000000000000000, 0.000000000000000000, 0.000000000000000000 ) ) ;
#173 = VERTEX_POINT ( 'NONE', #1529 ) ;
#174 = FACE_OUTER_BOUND ( 'NONE', #1150, .T. ) ;
#175 = AXIS2_PLACEMENT_3D ( 'NONE', #335, #652, #1425 ) ;
#176 = VERTEX_POINT ( 'NONE', #1993 ) ;
#177 = ORIENTED_EDGE ( 'NONE', *, *, #985, .T. ) ;
#178 = DIRECTION ( 'NONE',  ( 0.000000000000000000, 1.000000000000000000, 3.330669073875469621E-16 ) ) ;
#179 = EDGE_CURVE ( 'NONE', #419, #1883, #765, .T. ) ;
#180 = AXIS2_PLACEMENT_3D ( 'NONE', #1808, #433, #272 ) ;
#181 = CARTESIAN_POINT ( 'NONE',  ( -2.296212748401286986E-16, 0.2724311839712928451, -0.8028390908012160709 ) ) ;
#182 = CARTESIAN_POINT ( 'NONE',  ( -0.8125000000000000000, 0.1249999999999998335, -1.584089090801215516 ) ) ;
#183 = ORIENTED_EDGE ( 'NONE', *, *, #121, .F. ) ;
#184 = LINE ( 'NONE', #644, #132 ) ;
#185 = EDGE_LOOP ( 'NONE', ( #1329, #1918, #449, #1770 ) ) ;
#186 = ORIENTED_EDGE ( 'NONE', *, *, #1438, .T. ) ;
#187 = ORIENTED_EDGE ( 'NONE', *, *, #564, .F. ) ;
#188 = DIRECTION ( 'NONE',  ( 0.000000000000000000, -0.3255681544571604746, 0.9455185755993155139 ) ) ;
#189 = ADVANCED_FACE ( 'NONE', ( #130 ), #1834, .F. ) ;
#190 = LINE ( 'NONE', #1432, #1398 ) ;
#191 = CIRCLE ( 'NONE', #448, 0.1250000000000000000 ) ;
#192 = CARTESIAN_POINT ( 'NONE',  ( 1.913510623667748400E-17, 0.8750000000000002220, -2.365339090801215960 ) ) ;
#193 = DIRECTION ( 'NONE',  ( 0.000000000000000000, 0.000000000000000000, -1.000000000000000000 ) ) ;
#194 = VERTEX_POINT ( 'NONE', #424 ) ;
#195 = FACE_OUTER_BOUND ( 'NONE', #1317, .T. ) ;
#196 = ORIENTED_EDGE ( 'NONE', *, *, #1758, .F. ) ;
#197 = VERTEX_POINT ( 'NONE', #1044 ) ;
#198 = ORIENTED_EDGE ( 'NONE', *, *, #1920, .T. ) ;
#199 = DIRECTION ( 'NONE',  ( 1.000000000000000000, 0.000000000000000000, 0.000000000000000000 ) ) ;
#200 = VECTOR ( 'NONE', #1258, 39.37007874015748143 ) ;
#201 = DIRECTION ( 'NONE',  ( 0.000000000000000000, -2.185478394931406630E-16, -1.000000000000000000 ) ) ;
#202 = EDGE_CURVE ( 'NONE', #1795, #37, #1659, .T. ) ;
#203 = LINE ( 'NONE', #1781, #4 ) ;
#204 = CARTESIAN_POINT ( 'NONE',  ( -0.8125000000000000000, 1.000000000000000222, 1.112586786809755646 ) ) ;
#205 = ORIENTED_EDGE ( 'NONE', *, *, #270, .T. ) ;
#206 = DIRECTION ( 'NONE',  ( 0.000000000000000000, 0.3255681544571606412, -0.9455185755993155139 ) ) ;
#207 = ADVANCED_FACE ( 'NONE', ( #742 ), #1211, .F. ) ;
#208 = VERTEX_POINT ( 'NONE', #432 ) ;
#209 = ORIENTED_EDGE ( 'NONE', *, *, #1195, .F. ) ;
#210 = ORIENTED_EDGE ( 'NONE', *, *, #47, .F. ) ;
#211 = VERTEX_POINT ( 'NONE', #1642 ) ;
#212 = DIRECTION ( 'NONE',  ( -1.000000000000000000, 0.000000000000000000, 0.000000000000000000 ) ) ;
#213 = DIRECTION ( 'NONE',  ( 0.000000000000000000, 1.000000000000000000, 0.000000000000000000 ) ) ;
#214 = VECTOR ( 'NONE', #1711, 39.37007874015748143 ) ;
#215 = EDGE_CURVE ( 'NONE', #1741, #249, #1648, .T. ) ;
#216 = CARTESIAN_POINT ( 'NONE',  ( -0.8125000000000000000, 0.3284800965357251301, -2.175038200550787781 ) ) ;
#217 = DIRECTION ( 'NONE',  ( 0.000000000000000000, 0.3255681544571604746, -0.9455185755993155139 ) ) ;
#218 = ORIENTED_EDGE ( 'NONE', *, *, #1276, .T. ) ;
#219 = DIRECTION ( 'NONE',  ( 0.000000000000000000, 0.000000000000000000, 1.000000000000000000 ) ) ;
#220 = ORIENTED_EDGE ( 'NONE', *, *, #149, .F. ) ;
#221 = EDGE_LOOP ( 'NONE', ( #38, #836, #1303, #177 ) ) ;
#222 = ORIENTED_EDGE ( 'NONE', *, *, #1605, .T. ) ;
#223 = DIRECTION ( 'NONE',  ( 0.000000000000000000, 0.000000000000000000, -1.000000000000000000 ) ) ;
#224 = ORIENTED_EDGE ( 'NONE', *, *, #1618, .F. ) ;
#225 = CARTESIAN_POINT ( 'NONE',  ( 0.000000000000000000, 0.1474311839712914851, -2.521589090801215960 ) ) ;
#226 = ORIENTED_EDGE ( 'NONE', *, *, #477, .T. ) ;
#227 = VECTOR ( 'NONE', #305, 39.37007874015748143 ) ;
#228 = ADVANCED_FACE ( 'NONE', ( #1651 ), #91, .T. ) ;
#229 = CARTESIAN_POINT ( 'NONE',  ( -0.3062184335382290290, 0.6962180337875044644, -0.04617726122966270275 ) ) ;
#230 = LINE ( 'NONE', #1498, #962 ) ;
#231 = EDGE_LOOP ( 'NONE', ( #1152, #1464, #1139, #1416, #1018 ) ) ;
#232 = CARTESIAN_POINT ( 'NONE',  ( 0.1589271575931770764, -0.2577000424816467961, -0.7971180160912491042 ) ) ;
#233 = AXIS2_PLACEMENT_3D ( 'NONE', #1482, #84, #52 ) ;
#234 = ORIENTED_EDGE ( 'NONE', *, *, #1246, .F. ) ;
#235 = DIRECTION ( 'NONE',  ( 0.000000000000000000, -7.024751983708094572E-16, -1.000000000000000000 ) ) ;
#236 = CARTESIAN_POINT ( 'NONE',  ( 0.8125000000000000000, 0.3974311839712922900, -0.2715890908012159044 ) ) ;
#237 = ORIENTED_EDGE ( 'NONE', *, *, #1047, .F. ) ;
#238 = EDGE_CURVE ( 'NONE', #635, #1641, #621, .T. ) ;
#239 = CARTESIAN_POINT ( 'NONE',  ( -2.296212748401286986E-16, -1.683879298837761107, -0.6465890908012155158 ) ) ;
#240 = DIRECTION ( 'NONE',  ( -2.905889651688691796E-16, -0.3255681544571603636, 0.9455185755993154029 ) ) ;
#241 = ORIENTED_EDGE ( 'NONE', *, *, #985, .F. ) ;
#242 = VECTOR ( 'NONE', #286, 39.37007874015748143 ) ;
#243 = CARTESIAN_POINT ( 'NONE',  ( -2.296212748401286986E-16, -1.683879298837761107, -0.6465890908012155158 ) ) ;
#244 = CARTESIAN_POINT ( 'NONE',  ( 0.000000000000000000, 0.2724311839712926231, -2.521589090801215960 ) ) ;
#245 = ORIENTED_EDGE ( 'NONE', *, *, #824, .T. ) ;
#246 = FACE_OUTER_BOUND ( 'NONE', #1856, .T. ) ;
#247 = DATE_AND_TIME ( #1493, #2016 ) ;
#248 = VECTOR ( 'NONE', #1523, 39.37007874015748143 ) ;
#249 = VERTEX_POINT ( 'NONE', #584 ) ;
#250 = CARTESIAN_POINT ( 'NONE',  ( -0.8125000000000000000, -0.07848009653572554645, -0.9931399810516430282 ) ) ;
#251 = FACE_OUTER_BOUND ( 'NONE', #1477, .T. ) ;
#252 = CARTESIAN_POINT ( 'NONE',  ( 0.8125000000000000000, 0.1249999999999998335, -1.584089090801215516 ) ) ;
#253 = CARTESIAN_POINT ( 'NONE',  ( -0.8125000000000000000, 0.1249999999999998335, -1.584089090801215516 ) ) ;
#254 = ORIENTED_EDGE ( 'NONE', *, *, #162, .T. ) ;
#255 = DIRECTION ( 'NONE',  ( 0.000000000000000000, 2.185478394931406630E-16, 1.000000000000000000 ) ) ;
#256 = DIRECTION ( 'NONE',  ( 1.000000000000000000, 0.000000000000000000, 0.000000000000000000 ) ) ;
#257 = VERTEX_POINT ( 'NONE', #116 ) ;
#258 = EDGE_CURVE ( 'NONE', #1943, #716, #544, .T. ) ;
#259 = DIRECTION ( 'NONE',  ( 0.000000000000000000, 2.775557561562891351E-16, 1.000000000000000000 ) ) ;
#260 = VECTOR ( 'NONE', #1075, 39.37007874015748143 ) ;
#261 = EDGE_CURVE ( 'NONE', #1470, #1176, #1200, .T. ) ;
#262 = DIRECTION ( 'NONE',  ( 0.000000000000000000, -0.3255681544571604746, 0.9455185755993155139 ) ) ;
#263 = DIRECTION ( 'NONE',  ( 0.000000000000000000, -4.370956789862813261E-16, -1.000000000000000000 ) ) ;
#264 = CARTESIAN_POINT ( 'NONE',  ( 0.02774141641212005821, -0.3720784789118991576, -0.8639798460379785050 ) ) ;
#265 = AXIS2_PLACEMENT_3D ( 'NONE', #1548, #1423, #1402 ) ;
#266 = APPROVAL_PERSON_ORGANIZATION ( #1821, #1792, #418 ) ;
#267 = APPROVAL_STATUS ( 'not_yet_approved' ) ;
#268 = CIRCLE ( 'NONE', #525, 0.1562500000000002776 ) ;
#269 = CARTESIAN_POINT ( 'NONE',  ( -0.1160925465490251079, -0.3228057134128154426, -2.335882876447223477 ) ) ;
#270 = EDGE_CURVE ( 'NONE', #1165, #695, #704, .T. ) ;
#271 = CARTESIAN_POINT ( 'NONE',  ( 0.8125000000000000000, 0.1474311839712922345, 0.7529225086472240980 ) ) ;
#272 = DIRECTION ( 'NONE',  ( 0.000000000000000000, 0.3255681544571606412, -0.9455185755993155139 ) ) ;
#273 = EDGE_CURVE ( 'NONE', #682, #1644, #1055, .T. ) ;
#274 = LINE ( 'NONE', #288, #1282 ) ;
#275 =( BOUNDED_CURVE ( )  B_SPLINE_CURVE ( 3, ( #497, #1123, #342, #971 ),
 .UNSPECIFIED., .F., .F. ) 
 B_SPLINE_CURVE_WITH_KNOTS ( ( 4, 4 ),
 ( 1.570796326794896558, 1.647795467451720342 ),
 .UNSPECIFIED. ) 
 CURVE ( )  GEOMETRIC_REPRESENTATION_ITEM ( )  RATIONAL_B_SPLINE_CURVE ( ( 1.000000000000000000, 0.9995059887186880099, 0.9995059887186880099, 1.000000000000000000 ) ) 
 REPRESENTATION_ITEM ( '' )  );
#276 =( NAMED_UNIT ( * ) PLANE_ANGLE_UNIT ( ) SI_UNIT ( $, .RADIAN. ) );
#277 = DIRECTION ( 'NONE',  ( 0.000000000000000000, -1.000000000000000000, 2.220446049250313574E-16 ) ) ;
#278 = VECTOR ( 'NONE', #1296, 39.37007874015748143 ) ;
#279 = CARTESIAN_POINT ( 'NONE',  ( -0.2076805182957215390, 0.01674659935743690389, -0.7154231465275397994 ) ) ;
#280 = CARTESIAN_POINT ( 'NONE',  ( -2.028352487190467015E-16, -0.3740224819584799243, -0.8653390908012161820 ) ) ;
#281 = AXIS2_PLACEMENT_3D ( 'NONE', #607, #1157, #1790 ) ;
#282 = DIRECTION ( 'NONE',  ( -1.000000000000000000, 0.000000000000000000, 0.000000000000000000 ) ) ;
#283 = APPROVAL_STATUS ( 'not_yet_approved' ) ;
#284 = DIRECTION ( 'NONE',  ( 0.000000000000000000, 1.000000000000000000, -2.220446049250313081E-16 ) ) ;
#285 = AXIS2_PLACEMENT_3D ( 'NONE', #413, #1349, #1814 ) ;
#286 = DIRECTION ( 'NONE',  ( -1.000000000000000000, 0.000000000000000000, -0.000000000000000000 ) ) ;
#287 = CARTESIAN_POINT ( 'NONE',  ( -2.296212748401286986E-16, 0.3974311839712926231, -0.6465890908012157379 ) ) ;
#288 = CARTESIAN_POINT ( 'NONE',  ( 0.8125000000000000000, 0.1474311839712923455, -0.2715890908012159599 ) ) ;
#289 = COORDINATED_UNIVERSAL_TIME_OFFSET ( 5, 0, .BEHIND. ) ;
#290 = CARTESIAN_POINT ( 'NONE',  ( 1.913510623667748400E-17, 0.3974311839712925121, -2.365339090801215960 ) ) ;
#291 = DIRECTION ( 'NONE',  ( 0.000000000000000000, 0.3255681544571606412, -0.9455185755993155139 ) ) ;
#292 = CARTESIAN_POINT ( 'NONE',  ( -0.2095454223809844752, 0.1474311839712914851, -2.458801524682000750 ) ) ;
#293 = CARTESIAN_POINT ( 'NONE',  ( 0.8125000000000000000, 0.1249999999999998335, -1.584089090801215516 ) ) ;
#294 = DIRECTION ( 'NONE',  ( 0.000000000000000000, -1.000000000000000000, 3.330669073875468635E-16 ) ) ;
#295 = AXIS2_PLACEMENT_3D ( 'NONE', #1046, #556, #1661 ) ;
#296 = DIRECTION ( 'NONE',  ( 0.000000000000000000, -1.000000000000000000, -6.106226635438360972E-16 ) ) ;
#297 = DATE_AND_TIME ( #1221, #1269 ) ;
#298 = CARTESIAN_POINT ( 'NONE',  ( 0.8125000000000000000, 0.3974311839712922345, -2.896589090801215072 ) ) ;
#299 = ADVANCED_FACE ( 'NONE', ( #1333 ), #99, .T. ) ;
#300 = EDGE_LOOP ( 'NONE', ( #382, #772, #977, #1585, #931, #1931, #1595, #183 ) ) ;
#301 = LINE ( 'NONE', #1545, #1287 ) ;
#302 = CARTESIAN_POINT ( 'NONE',  ( -0.8125000000000000000, 0.3974311839712922900, -0.2715890908012159044 ) ) ;
#303 = VECTOR ( 'NONE', #1671, 39.37007874015748143 ) ;
#304 = EDGE_CURVE ( 'NONE', #864, #257, #562, .T. ) ;
#305 = DIRECTION ( 'NONE',  ( 0.000000000000000000, 1.000000000000000000, -2.220446049250313081E-16 ) ) ;
#306 = PLANE ( 'NONE',  #1662 ) ;
#307 = VERTEX_POINT ( 'NONE', #1970 ) ;
#308 = CARTESIAN_POINT ( 'NONE',  ( 0.000000000000000000, 0.8750000000000002220, -2.521589090801215960 ) ) ;
#309 = AXIS2_PLACEMENT_3D ( 'NONE', #1679, #406, #715 ) ;
#310 = CYLINDRICAL_SURFACE ( 'NONE', #1887, 0.1562500000000002776 ) ;
#311 = EDGE_CURVE ( 'NONE', #451, #999, #481, .T. ) ;
#312 = ORIENTED_EDGE ( 'NONE', *, *, #829, .F. ) ;
#313 = DIRECTION ( 'NONE',  ( 0.000000000000000000, -1.665334536937734811E-15, 1.000000000000000000 ) ) ;
#314 = CARTESIAN_POINT ( 'NONE',  ( -0.1924397434230549486, -0.1419307954082585088, -2.417485975662311493 ) ) ;
#315 = CARTESIAN_POINT ( 'NONE',  ( -0.09944634685212867808, -0.3382805058699275835, -0.8417259998344217564 ) ) ;
#316 = ORIENTED_EDGE ( 'NONE', *, *, #1843, .T. ) ;
#317 = EDGE_CURVE ( 'NONE', #1141, #173, #139, .T. ) ;
#318 = CARTESIAN_POINT ( 'NONE',  ( 0.8125000000000000000, 0.3974311839712927341, -2.146589090801215960 ) ) ;
#319 = DIRECTION ( 'NONE',  ( 1.000000000000000000, 0.000000000000000000, 0.000000000000000000 ) ) ;
#320 = VECTOR ( 'NONE', #1842, 39.37007874015748854 ) ;
#321 = VERTEX_POINT ( 'NONE', #758 ) ;
#322 = DIRECTION ( 'NONE',  ( 0.000000000000000000, 3.330669073875469621E-16, -1.000000000000000000 ) ) ;
#323 = VECTOR ( 'NONE', #1137, 39.37007874015748143 ) ;
#324 = CARTESIAN_POINT ( 'NONE',  ( -0.2045771319835281710, -0.03894936798318539978, -2.444003663789567682 ) ) ;
#325 = AXIS2_PLACEMENT_3D ( 'NONE', #1602, #1901, #815 ) ;
#326 = DIRECTION ( 'NONE',  ( 0.000000000000000000, -7.216449660063517513E-16, -1.000000000000000000 ) ) ;
#327 = ORIENTED_EDGE ( 'NONE', *, *, #238, .T. ) ;
#328 = CIRCLE ( 'NONE', #1473, 0.2187500000000003608 ) ;
#329 = CYLINDRICAL_SURFACE ( 'NONE', #1969, 0.6250000000000003331 ) ;
#330 = EDGE_CURVE ( 'NONE', #1404, #1641, #2002, .T. ) ;
#331 = DIRECTION ( 'NONE',  ( 0.000000000000000000, -1.000000000000000000, 2.220446049250313574E-16 ) ) ;
#332 = ORIENTED_EDGE ( 'NONE', *, *, #474, .T. ) ;
#333 = DIRECTION ( 'NONE',  ( 0.000000000000000000, 7.216449660063517513E-16, 1.000000000000000000 ) ) ;
#334 = DIRECTION ( 'NONE',  ( 0.000000000000000000, -1.000000000000000000, 2.220446049250313574E-16 ) ) ;
#335 = CARTESIAN_POINT ( 'NONE',  ( -2.296212748401286986E-16, 0.8750000000000002220, -0.6465890908012160709 ) ) ;
#336 = ORIENTED_EDGE ( 'NONE', *, *, #1933, .T. ) ;
#337 = CYLINDRICAL_SURFACE ( 'NONE', #1369, 0.2187499999999999722 ) ;
#338 = ORIENTED_EDGE ( 'NONE', *, *, #1204, .T. ) ;
#339 = ORIENTED_EDGE ( 'NONE', *, *, #806, .T. ) ;
#340 = ORIENTED_EDGE ( 'NONE', *, *, #1824, .F. ) ;
#341 = CARTESIAN_POINT ( 'NONE',  ( 0.8125000000000000000, 0.6250000000000005551, 0.1606549271826875347 ) ) ;
#342 = CARTESIAN_POINT ( 'NONE',  ( -0.8116971324747126459, 1.000000000000000222, 1.090591150810250376 ) ) ;
#343 = CARTESIAN_POINT ( 'NONE',  ( -0.8125000000000000000, -0.1598721351500156374, -0.7567603371518142330 ) ) ;
#344 = ORIENTED_EDGE ( 'NONE', *, *, #1276, .F. ) ;
#345 = CARTESIAN_POINT ( 'NONE',  ( 0.1966513511644127910, -0.1165459749188000466, -2.425508784774113913 ) ) ;
#346 = VERTEX_POINT ( 'NONE', #1235 ) ;
#347 = EDGE_LOOP ( 'NONE', ( #821, #638, #1656, #1014 ) ) ;
#348 = ORIENTED_EDGE ( 'NONE', *, *, #1917, .F. ) ;
#349 = CARTESIAN_POINT ( 'NONE',  ( 0.2077116149883529717, 0.01739765732389920300, -0.7153320200575340460 ) ) ;
#350 = VECTOR ( 'NONE', #431, 39.37007874015748143 ) ;
#351 = DIRECTION ( 'NONE',  ( 0.000000000000000000, -1.332267629550187849E-15, -1.000000000000000000 ) ) ;
#352 = VECTOR ( 'NONE', #284, 39.37007874015748143 ) ;
#353 = PRODUCT_DEFINITION_FORMATION_WITH_SPECIFIED_SOURCE ( 'ANY', '', #1555, .NOT_KNOWN. ) ;
#354 = ADVANCED_FACE ( 'NONE', ( #1989 ), #780, .T. ) ;
#355 = DIRECTION ( 'NONE',  ( 0.000000000000000000, -1.000000000000000000, 2.220446049250313574E-16 ) ) ;
#356 = CARTESIAN_POINT ( 'NONE',  ( 0.8125000000000000000, 0.3974311839712925121, -2.146589090801215960 ) ) ;
#357 = ORIENTED_EDGE ( 'NONE', *, *, #1147, .T. ) ;
#358 = DIRECTION ( 'NONE',  ( 0.000000000000000000, -1.000000000000000000, 3.330669073875468635E-16 ) ) ;
#359 = VERTEX_POINT ( 'NONE', #143 ) ;
#360 = ORIENTED_EDGE ( 'NONE', *, *, #697, .T. ) ;
#361 = EDGE_LOOP ( 'NONE', ( #1907, #1503 ) ) ;
#362 = DIRECTION ( 'NONE',  ( -0.000000000000000000, -1.000000000000000000, 7.216449660063517513E-16 ) ) ;
#363 = EDGE_CURVE ( 'NONE', #600, #1249, #1058, .T. ) ;
#364 = CARTESIAN_POINT ( 'NONE',  ( 0.1250000000000000555, 0.1474311839712924288, -0.08934507281731221551 ) ) ;
#365 = DIRECTION ( 'NONE',  ( 0.000000000000000000, 1.561055996379576517E-16, 1.000000000000000000 ) ) ;
#366 = LINE ( 'NONE', #1590, #900 ) ;
#367 = ORIENTED_EDGE ( 'NONE', *, *, #907, .F. ) ;
#368 = CARTESIAN_POINT ( 'NONE',  ( -9.217231288153329628E-17, 0.9375000000000004441, 0.4106549271826875902 ) ) ;
#369 = ADVANCED_FACE ( 'NONE', ( #586 ), #1525, .F. ) ;
#370 = ORIENTED_EDGE ( 'NONE', *, *, #1784, .F. ) ;
#371 = ORIENTED_EDGE ( 'NONE', *, *, #1843, .F. ) ;
#372 = ORIENTED_EDGE ( 'NONE', *, *, #1979, .F. ) ;
#373 = ADVANCED_FACE ( 'NONE', ( #1069, #597 ), #1381, .T. ) ;
#374 = DIRECTION ( 'NONE',  ( 0.000000000000000000, -1.000000000000000000, 3.330669073875468635E-16 ) ) ;
#375 = VERTEX_POINT ( 'NONE', #426 ) ;
#376 = CARTESIAN_POINT ( 'NONE',  ( 0.8125000000000000000, 0.1249999999999998335, -1.584089090801215516 ) ) ;
#377 = EDGE_CURVE ( 'NONE', #1890, #925, #1845, .T. ) ;
#378 = EDGE_LOOP ( 'NONE', ( #880, #509, #407, #1409, #147, #165 ) ) ;
#379 = AXIS2_PLACEMENT_3D ( 'NONE', #1877, #1422, #926 ) ;
#380 = CARTESIAN_POINT ( 'NONE',  ( 0.8125000000000000000, 0.3974311839712922345, -2.896589090801215072 ) ) ;
#381 = DIRECTION ( 'NONE',  ( 0.000000000000000000, 6.661338147750939243E-16, 1.000000000000000000 ) ) ;
#382 = ORIENTED_EDGE ( 'NONE', *, *, #1457, .F. ) ;
#383 = DIRECTION ( 'NONE',  ( -1.000000000000000000, 0.000000000000000000, -0.000000000000000000 ) ) ;
#384 = VERTEX_POINT ( 'NONE', #1863 ) ;
#385 = DIRECTION ( 'NONE',  ( 0.000000000000000000, -1.000000000000000000, 2.775557561562890858E-16 ) ) ;
#386 = ORIENTED_EDGE ( 'NONE', *, *, #829, .T. ) ;
#387 = CARTESIAN_POINT ( 'NONE',  ( -0.1197789861347773599, 0.9375000000000003331, 0.4464039758486987308 ) ) ;
#388 = EDGE_CURVE ( 'NONE', #1249, #1325, #274, .T. ) ;
#389 = ORIENTED_EDGE ( 'NONE', *, *, #590, .T. ) ;
#390 = DIRECTION ( 'NONE',  ( 0.000000000000000000, 1.000000000000000000, -2.220446049250313081E-16 ) ) ;
#391 = FACE_BOUND ( 'NONE', #1169, .T. ) ;
#392 = EDGE_LOOP ( 'NONE', ( #1125, #1720, #546, #1185 ) ) ;
#393 = DIRECTION ( 'NONE',  ( 0.000000000000000000, -1.000000000000000000, 6.661338147750939243E-16 ) ) ;
#394 = CIRCLE ( 'NONE', #161, 0.1250000000000000000 ) ;
#395 = DIRECTION ( 'NONE',  ( 0.000000000000000000, 0.3255681544571603636, -0.9455185755993155139 ) ) ;
#396 = ORIENTED_EDGE ( 'NONE', *, *, #270, .F. ) ;
#397 = CARTESIAN_POINT ( 'NONE',  ( 1.913510623667748400E-17, 0.3974311839712925676, -2.365339090801215960 ) ) ;
#398 = ADVANCED_BREP_SHAPE_REPRESENTATION ( '2025-03-24 Fixie Stem', ( #1519, #1538, #1022 ), #520 ) ;
#399 =( NAMED_UNIT ( * ) SI_UNIT ( $, .STERADIAN. ) SOLID_ANGLE_UNIT ( ) );
#400 = VERTEX_POINT ( 'NONE', #458 ) ;
#401 = CIRCLE ( 'NONE', #457, 0.1562500000000002776 ) ;
#402 = DIRECTION ( 'NONE',  ( 0.000000000000000000, 7.024751983708107391E-16, 1.000000000000000000 ) ) ;
#403 = DIRECTION ( 'NONE',  ( 0.000000000000000000, 1.720845688168993032E-15, -1.000000000000000000 ) ) ;
#404 = ADVANCED_FACE ( 'NONE', ( #913 ), #2009, .F. ) ;
#405 = DIRECTION ( 'NONE',  ( 0.000000000000000000, 1.000000000000000000, -2.220446049250313081E-16 ) ) ;
#406 = DIRECTION ( 'NONE',  ( 0.000000000000000000, 1.000000000000000000, -2.220446049250313081E-16 ) ) ;
#407 = ORIENTED_EDGE ( 'NONE', *, *, #1673, .F. ) ;
#408 = CARTESIAN_POINT ( 'NONE',  ( 0.05386527082613006695, -0.3648153153458635889, -0.8590199248291140455 ) ) ;
#409 = DIRECTION ( 'NONE',  ( 0.000000000000000000, 0.000000000000000000, 1.000000000000000000 ) ) ;
#410 = AXIS2_PLACEMENT_3D ( 'NONE', #243, #405, #1191 ) ;
#411 = ADVANCED_FACE ( 'NONE', ( #1214 ), #1681, .F. ) ;
#412 = VERTEX_POINT ( 'NONE', #125 ) ;
#413 = CARTESIAN_POINT ( 'NONE',  ( 0.8125000000000000000, 0.1249999999999998335, -1.584089090801215516 ) ) ;
#414 = VECTOR ( 'NONE', #743, 39.37007874015748143 ) ;
#415 = CARTESIAN_POINT ( 'NONE',  ( -0.1889811074619788533, -0.1598721351500156651, -0.7567603371518142330 ) ) ;
#416 = CARTESIAN_POINT ( 'NONE',  ( 0.1249999999999997780, 0.8658431374571089467, 0.4229672670851047922 ) ) ;
#417 = CARTESIAN_POINT ( 'NONE',  ( -2.296212748401286986E-16, 0.2724311839712930672, -0.4278390908012155713 ) ) ;
#418 = APPROVAL_ROLE ( '' ) ;
#419 = VERTEX_POINT ( 'NONE', #1554 ) ;
#420 = ADVANCED_FACE ( 'NONE', ( #750 ), #1367, .F. ) ;
#421 = CARTESIAN_POINT ( 'NONE',  ( -0.08745085476314276574, -0.3472812263162473601, -2.320725527940172839 ) ) ;
#422 = VECTOR ( 'NONE', #1224, 39.37007874015748143 ) ;
#423 = EDGE_CURVE ( 'NONE', #384, #23, #1220, .T. ) ;
#424 = CARTESIAN_POINT ( 'NONE',  ( 6.090853701188582380E-17, 0.1474311839712924010, -0.2143450728173122155 ) ) ;
#425 = DIRECTION ( 'NONE',  ( 0.000000000000000000, -1.000000000000000000, 2.220446049250313081E-16 ) ) ;
#426 = CARTESIAN_POINT ( 'NONE',  ( -0.6875000000000000000, 0.5944779855196418161, 0.2492972936451233468 ) ) ;
#427 = DIRECTION ( 'NONE',  ( -0.000000000000000000, -1.000000000000000000, -0.000000000000000000 ) ) ;
#428 =( BOUNDED_CURVE ( )  B_SPLINE_CURVE ( 3, ( #1847, #441, #1570, #1692 ),
 .UNSPECIFIED., .F., .F. ) 
 B_SPLINE_CURVE_WITH_KNOTS ( ( 4, 4 ),
 ( 4.635389839727865890, 4.712388980384689674 ),
 .UNSPECIFIED. ) 
 CURVE ( )  GEOMETRIC_REPRESENTATION_ITEM ( )  RATIONAL_B_SPLINE_CURVE ( ( 1.000000000000000000, 0.9995059887186880099, 0.9995059887186880099, 1.000000000000000000 ) ) 
 REPRESENTATION_ITEM ( '' )  );
#429 = CIRCLE ( 'NONE', #859, 0.6250000000000004441 ) ;
#430 = CC_DESIGN_PERSON_AND_ORGANIZATION_ASSIGNMENT ( #1078, #459, ( #353 ) ) ;
#431 = DIRECTION ( 'NONE',  ( -1.000000000000000000, 0.000000000000000000, -0.000000000000000000 ) ) ;
#432 = CARTESIAN_POINT ( 'NONE',  ( -0.8125000000000000000, 0.3974311839712927896, -1.021589090801215738 ) ) ;
#433 = DIRECTION ( 'NONE',  ( 1.000000000000000000, 0.000000000000000000, 0.000000000000000000 ) ) ;
#434 = CARTESIAN_POINT ( 'NONE',  ( 0.8125000000000000000, 0.3974311839712927896, -1.021589090801215960 ) ) ;
#435 = PERSON_AND_ORGANIZATION ( #956, #485 ) ;
#436 = CARTESIAN_POINT ( 'NONE',  ( 0.8125000000000000000, 0.3974311839712922345, -2.896589090801215072 ) ) ;
#437 = CARTESIAN_POINT ( 'NONE',  ( 0.8125000000000000000, -0.07848009653572554645, -0.9931399810516430282 ) ) ;
#438 = CARTESIAN_POINT ( 'NONE',  ( -0.1889811074619788533, -0.1598721351500156651, -0.7567603371518142330 ) ) ;
#439 = VECTOR ( 'NONE', #1045, 39.37007874015748143 ) ;
#440 = DIRECTION ( 'NONE',  ( 1.000000000000000000, 0.000000000000000000, 0.000000000000000000 ) ) ;
#441 = CARTESIAN_POINT ( 'NONE',  ( 0.8116971324747126459, 1.000000000000000222, 1.090591150810250598 ) ) ;
#442 = EDGE_CURVE ( 'NONE', #1091, #1480, #1077, .T. ) ;
#443 = LINE ( 'NONE', #1189, #103 ) ;
#444 = VECTOR ( 'NONE', #881, 39.37007874015748143 ) ;
#445 = CARTESIAN_POINT ( 'NONE',  ( -0.3579077994041769961, 1.000000000000000222, 0.4542179127710522235 ) ) ;
#446 = DIRECTION ( 'NONE',  ( 0.000000000000000000, -1.000000000000000000, 9.436895709313830594E-16 ) ) ;
#447 = CARTESIAN_POINT ( 'NONE',  ( 0.000000000000000000, -1.419355173341318110, 0.2134347016989573964 ) ) ;
#448 = AXIS2_PLACEMENT_3D ( 'NONE', #1734, #1579, #1272 ) ;
#449 = ORIENTED_EDGE ( 'NONE', *, *, #1812, .T. ) ;
#450 = APPROVAL_PERSON_ORGANIZATION ( #614, #1668, #1996 ) ;
#451 = VERTEX_POINT ( 'NONE', #1852 ) ;
#452 = LINE ( 'NONE', #1701, #838 ) ;
#453 = ORIENTED_EDGE ( 'NONE', *, *, #892, .T. ) ;
#454 = CARTESIAN_POINT ( 'NONE',  ( 0.1249999999999999167, 0.8300855059828667892, 0.4106549271826874792 ) ) ;
#455 = CYLINDRICAL_SURFACE ( 'NONE', #1722, 0.8750000000000002220 ) ;
#456 = CARTESIAN_POINT ( 'NONE',  ( -0.1181676219583339266, -0.3206191565443790581, -0.8309919169454479393 ) ) ;
#457 = AXIS2_PLACEMENT_3D ( 'NONE', #1903, #480, #1107 ) ;
#458 = CARTESIAN_POINT ( 'NONE',  ( 0.8125000000000000000, 0.3974311839712922900, -0.2715890908012159044 ) ) ;
#459 = PERSON_AND_ORGANIZATION_ROLE ( 'creator' ) ;
#460 = CARTESIAN_POINT ( 'NONE',  ( 0.000000000000000000, 1.441941738241592885, -2.521589090801216404 ) ) ;
#461 = EDGE_LOOP ( 'NONE', ( #48, #3, #1441, #1633, #453 ) ) ;
#462 = DIRECTION ( 'NONE',  ( -1.000000000000000000, 0.000000000000000000, 0.000000000000000000 ) ) ;
#463 = ADVANCED_FACE ( 'NONE', ( #1696 ), #1288, .F. ) ;
#464 = DIRECTION ( 'NONE',  ( 0.000000000000000000, -1.000000000000000000, 2.220446049250313574E-16 ) ) ;
#465 = ADVANCED_FACE ( 'NONE', ( #166 ), #15, .F. ) ;
#466 = DIRECTION ( 'NONE',  ( 0.000000000000000000, -6.106226635438360972E-16, 1.000000000000000000 ) ) ;
#467 = CARTESIAN_POINT ( 'NONE',  ( -0.02750740114562542568, -0.3716724194884258869, -0.8637122331762153715 ) ) ;
#468 = ORIENTED_EDGE ( 'NONE', *, *, #1324, .F. ) ;
#469 = CARTESIAN_POINT ( 'NONE',  ( 0.1819055742153175281, -0.1915108284848407449, -2.399942066616618686 ) ) ;
#470 = AXIS2_PLACEMENT_3D ( 'NONE', #585, #554, #725 ) ;
#471 = DIRECTION ( 'NONE',  ( 1.000000000000000000, 0.000000000000000000, 0.000000000000000000 ) ) ;
#472 = EDGE_LOOP ( 'NONE', ( #1557, #8, #1310, #1664, #978, #668, #558, #1289 ) ) ;
#473 = FACE_BOUND ( 'NONE', #1037, .T. ) ;
#474 = EDGE_CURVE ( 'NONE', #1304, #656, #1718, .T. ) ;
#475 = FACE_OUTER_BOUND ( 'NONE', #658, .T. ) ;
#476 =( BOUNDED_CURVE ( )  B_SPLINE_CURVE ( 3, ( #387, #495, #1932, #1777 ),
 .UNSPECIFIED., .F., .F. ) 
 B_SPLINE_CURVE_WITH_KNOTS ( ( 4, 4 ),
 ( 2.926036190371850143, 3.141592653589793116 ),
 .UNSPECIFIED. ) 
 CURVE ( )  GEOMETRIC_REPRESENTATION_ITEM ( )  RATIONAL_B_SPLINE_CURVE ( ( 1.000000000000000000, 0.9961316976703966652, 0.9961316976703966652, 1.000000000000000000 ) ) 
 REPRESENTATION_ITEM ( '' )  );
#477 = EDGE_CURVE ( 'NONE', #61, #1644, #1737, .T. ) ;
#478 = CARTESIAN_POINT ( 'NONE',  ( 0.8125000000000000000, 0.8750000000000002220, 1.112586786809755646 ) ) ;
#479 = ORIENTED_EDGE ( 'NONE', *, *, #2012, .F. ) ;
#480 = DIRECTION ( 'NONE',  ( 0.000000000000000000, -1.000000000000000000, 6.661338147750939243E-16 ) ) ;
#481 = LINE ( 'NONE', #1836, #1707 ) ;
#482 = AXIS2_PLACEMENT_3D ( 'NONE', #1709, #471, #1226 ) ;
#483 = ORIENTED_EDGE ( 'NONE', *, *, #330, .F. ) ;
#484 = LINE ( 'NONE', #936, #214 ) ;
#485 = ORGANIZATION ( 'UNSPECIFIED', 'UNSPECIFIED', '' ) ;
#486 = CARTESIAN_POINT ( 'NONE',  ( -9.217231288153329628E-17, 0.9375000000000004441, 0.4106549271826875902 ) ) ;
#487 = APPROVAL ( #283, 'UNSPECIFIED' ) ;
#488 =( BOUNDED_CURVE ( )  B_SPLINE_CURVE ( 3, ( #1568, #1575, #1719, #493 ),
 .UNSPECIFIED., .F., .F. ) 
 B_SPLINE_CURVE_WITH_KNOTS ( ( 4, 4 ),
 ( 3.141592653589793116, 3.357149116807735645 ),
 .UNSPECIFIED. ) 
 CURVE ( )  GEOMETRIC_REPRESENTATION_ITEM ( )  RATIONAL_B_SPLINE_CURVE ( ( 1.000000000000000000, 0.9961316976703966652, 0.9961316976703966652, 1.000000000000000000 ) ) 
 REPRESENTATION_ITEM ( '' )  );
#489 = CARTESIAN_POINT ( 'NONE',  ( -0.1232246053948912873, 0.9016543726650855239, 0.4348592551642770920 ) ) ;
#490 = EDGE_LOOP ( 'NONE', ( #1119, #1975, #1245, #396 ) ) ;
#491 = CARTESIAN_POINT ( 'NONE',  ( 0.8125000000000000000, 1.000000000000000222, 1.112586786809755646 ) ) ;
#492 = ORIENTED_EDGE ( 'NONE', *, *, #1869, .T. ) ;
#493 = CARTESIAN_POINT ( 'NONE',  ( 0.1197789861347771934, 0.9375000000000005551, 0.4464039758486986198 ) ) ;
#494 = VERTEX_POINT ( 'NONE', #817 ) ;
#495 = CARTESIAN_POINT ( 'NONE',  ( -0.08039667885261637947, 0.9375000000000004441, 0.4372840255546193156 ) ) ;
#496 = VECTOR ( 'NONE', #466, 39.37007874015748143 ) ;
#497 = CARTESIAN_POINT ( 'NONE',  ( -0.8125000000000000000, 1.000000000000000222, 1.046485494235588343 ) ) ;
#498 = AXIS2_PLACEMENT_3D ( 'NONE', #308, #154, #1983 ) ;
#499 = CARTESIAN_POINT ( 'NONE',  ( -0.8125000000000000000, 0.1474311839712910688, -2.896589090801215072 ) ) ;
#500 = ORIENTED_EDGE ( 'NONE', *, *, #58, .T. ) ;
#501 = DIRECTION ( 'NONE',  ( 0.000000000000000000, 0.000000000000000000, -1.000000000000000000 ) ) ;
#502 = ORIENTED_EDGE ( 'NONE', *, *, #1853, .F. ) ;
#503 = EDGE_LOOP ( 'NONE', ( #1495, #1866, #386, #1876 ) ) ;
#504 = VERTEX_POINT ( 'NONE', #1729 ) ;
#505 = CARTESIAN_POINT ( 'NONE',  ( 0.5624999999999998890, 0.6250000000000005551, 0.1606549271826875347 ) ) ;
#506 = CARTESIAN_POINT ( 'NONE',  ( 0.000000000000000000, 0.1474311839712924010, 1.345190090111760606 ) ) ;
#507 = LINE ( 'NONE', #997, #157 ) ;
#508 = CARTESIAN_POINT ( 'NONE',  ( 0.8125000000000000000, 0.1474311839712913463, -2.458801524682000750 ) ) ;
#509 = ORIENTED_EDGE ( 'NONE', *, *, #1767, .F. ) ;
#510 = CARTESIAN_POINT ( 'NONE',  ( -2.296212748401286986E-16, -1.683879298837761107, -0.4278390908012151272 ) ) ;
#511 = ADVANCED_FACE ( 'NONE', ( #195 ), #329, .F. ) ;
#512 = VERTEX_POINT ( 'NONE', #1746 ) ;
#513 = ORIENTED_EDGE ( 'NONE', *, *, #1324, .T. ) ;
#514 = EDGE_LOOP ( 'NONE', ( #954, #1004, #205, #1153 ) ) ;
#515 = CARTESIAN_POINT ( 'NONE',  ( 0.1974335480225695716, -0.1106775847567767757, -0.7410253562044155640 ) ) ;
#516 = AXIS2_PLACEMENT_3D ( 'NONE', #1104, #921, #2001 ) ;
#517 = CYLINDRICAL_SURFACE ( 'NONE', #1764, 0.1562500000000002776 ) ;
#518 = EDGE_CURVE ( 'NONE', #419, #1467, #1757, .T. ) ;
#519 = CIRCLE ( 'NONE', #1665, 0.2187499999999999722 ) ;
#520 =( GEOMETRIC_REPRESENTATION_CONTEXT ( 3 ) GLOBAL_UNCERTAINTY_ASSIGNED_CONTEXT ( ( #729 ) ) GLOBAL_UNIT_ASSIGNED_CONTEXT ( ( #1655, #276, #399 ) ) REPRESENTATION_CONTEXT ( 'NONE', 'WORKASPACE' ) );
#521 = PLANE ( 'NONE',  #1934 ) ;
#522 = CARTESIAN_POINT ( 'NONE',  ( -0.1250000000000000833, 0.9375000000000004441, 0.4106549271826874792 ) ) ;
#523 = ORIENTED_EDGE ( 'NONE', *, *, #10, .T. ) ;
#524 = CARTESIAN_POINT ( 'NONE',  ( 0.1838593626904160283, -0.1853871724546665989, -0.7655458690499212793 ) ) ;
#525 = AXIS2_PLACEMENT_3D ( 'NONE', #1612, #213, #984 ) ;
#526 = EDGE_CURVE ( 'NONE', #811, #1404, #955, .T. ) ;
#527 = EDGE_LOOP ( 'NONE', ( #1238, #1894, #218, #360, #1928 ) ) ;
#528 = ORIENTED_EDGE ( 'NONE', *, *, #1111, .T. ) ;
#529 = ORIENTED_EDGE ( 'NONE', *, *, #632, .F. ) ;
#530 = CARTESIAN_POINT ( 'NONE',  ( 0.8125000000000000000, 0.1474311839712910688, -2.896589090801215072 ) ) ;
#531 = ORIENTED_EDGE ( 'NONE', *, *, #47, .T. ) ;
#532 = DIRECTION ( 'NONE',  ( -1.000000000000000000, -9.860761315262647568E-32, -3.073328992872296367E-16 ) ) ;
#533 = EDGE_CURVE ( 'NONE', #1006, #50, #401, .T. ) ;
#534 = CARTESIAN_POINT ( 'NONE',  ( 6.858022075225177566E-17, 1.000000000000000222, 0.4542179127710520015 ) ) ;
#535 = CARTESIAN_POINT ( 'NONE',  ( 0.000000000000000000, -1.683879298837762217, -2.521589090801215516 ) ) ;
#536 = ORIENTED_EDGE ( 'NONE', *, *, #377, .T. ) ;
#537 = FACE_OUTER_BOUND ( 'NONE', #153, .T. ) ;
#538 = ADVANCED_FACE ( 'NONE', ( #1604 ), #337, .F. ) ;
#539 = ORIENTED_EDGE ( 'NONE', *, *, #1920, .F. ) ;
#540 = CYLINDRICAL_SURFACE ( 'NONE', #818, 0.1562500000000002776 ) ;
#541 = ORIENTED_EDGE ( 'NONE', *, *, #526, .F. ) ;
#542 = CARTESIAN_POINT ( 'NONE',  ( 0.1250000000000000278, 0.6250000000000005551, 0.1606549271826875347 ) ) ;
#543 = B_SPLINE_CURVE_WITH_KNOTS ( 'NONE', 3,
 ( #1266, #1117, #807, #654, #6, #1277, #1127, #345, #974, #1592, #469, #666, #1914, #1247, #1873, #1099, #1771, #1631, #1161, #830, #689, #552, #1617, #57, #678, #1151 ),
 .UNSPECIFIED., .F., .F.,
 ( 4, 2, 2, 2, 2, 2, 2, 2, 2, 2, 2, 2, 4 ),
 ( 0.003178263996052212246, 0.005204971262158129483, 0.007231678528264045419, 0.009258385794369963090, 0.01128509306047587903, 0.01229844669352883960, 0.01331180032658180190, 0.01432515395963476421, 0.01533850759268772651, 0.01635186122574068882, 0.01736521485879365112, 0.01837856849184661343, 0.01939192212489957573 ),
 .UNSPECIFIED. ) ;
#544 = B_SPLINE_CURVE_WITH_KNOTS ( 'NONE', 3,
 ( #415, #895, #109, #1825, #1960, #1350, #1678, #279, #870, #1341, #714, #878 ),
 .UNSPECIFIED., .F., .F.,
 ( 4, 2, 2, 2, 2, 4 ),
 ( 0.02770184341724064858, 0.02869210418770255094, 0.02968236495816444984, 0.03166288649908825109, 0.03364340804001205582, 0.03562392958093586054 ),
 .UNSPECIFIED. ) ;
#545 = AXIS2_PLACEMENT_3D ( 'NONE', #1889, #1755, #1415 ) ;
#546 = ORIENTED_EDGE ( 'NONE', *, *, #901, .T. ) ;
#547 = AXIS2_PLACEMENT_3D ( 'NONE', #29, #322, #178 ) ;
#548 = DIRECTION ( 'NONE',  ( 0.000000000000000000, -1.000000000000000000, 6.661338147750939243E-16 ) ) ;
#549 = FACE_OUTER_BOUND ( 'NONE', #1544, .T. ) ;
#550 = ORIENTED_EDGE ( 'NONE', *, *, #892, .F. ) ;
#551 = ADVANCED_FACE ( 'NONE', ( #174 ), #943, .F. ) ;
#552 = CARTESIAN_POINT ( 'NONE',  ( 0.06501999176301277716, -0.3600412030271111785, -2.312386717533926994 ) ) ;
#553 = CARTESIAN_POINT ( 'NONE',  ( 0.8125000000000002220, 0.1474311839712924010, 2.471556115575565649 ) ) ;
#554 = DIRECTION ( 'NONE',  ( 1.000000000000000000, 0.000000000000000000, 0.000000000000000000 ) ) ;
#555 = ORIENTED_EDGE ( 'NONE', *, *, #160, .F. ) ;
#556 = DIRECTION ( 'NONE',  ( -1.000000000000000000, -1.109335647967047851E-31, -3.073328992872295381E-16 ) ) ;
#557 = DIRECTION ( 'NONE',  ( 0.000000000000000000, -1.000000000000000000, 3.330669073875468635E-16 ) ) ;
#558 = ORIENTED_EDGE ( 'NONE', *, *, #142, .T. ) ;
#559 = AXIS2_PLACEMENT_3D ( 'NONE', #909, #753, #582 ) ;
#560 = DIRECTION ( 'NONE',  ( 0.000000000000000000, 0.000000000000000000, 1.000000000000000000 ) ) ;
#561 = DIRECTION ( 'NONE',  ( -0.000000000000000000, -1.000000000000000000, -1.665334536937734811E-15 ) ) ;
#562 = LINE ( 'NONE', #1807, #574 ) ;
#563 = CARTESIAN_POINT ( 'NONE',  ( 0.8125000000000000000, 0.3974311839712927896, -1.021589090801215960 ) ) ;
#564 = EDGE_CURVE ( 'NONE', #1759, #958, #797, .T. ) ;
#565 = ORIENTED_EDGE ( 'NONE', *, *, #1063, .F. ) ;
#566 = LINE ( 'NONE', #530, #1347 ) ;
#567 = APPROVAL_ROLE ( '' ) ;
#568 = ORIENTED_EDGE ( 'NONE', *, *, #113, .F. ) ;
#569 = CARTESIAN_POINT ( 'NONE',  ( -0.09756329034792636523, -0.3397729195503181865, -2.325513386568348828 ) ) ;
#570 = CARTESIAN_POINT ( 'NONE',  ( -0.8125000000000000000, 0.3974311839712922345, -2.896589090801215072 ) ) ;
#571 = CARTESIAN_POINT ( 'NONE',  ( -0.8125000000000000000, 0.3974311839712922900, -0.2715890908012159044 ) ) ;
#572 = FACE_OUTER_BOUND ( 'NONE', #503, .T. ) ;
#573 = DATE_AND_TIME ( #1511, #650 ) ;
#574 = VECTOR ( 'NONE', #724, 39.37007874015748143 ) ;
#575 = ORIENTED_EDGE ( 'NONE', *, *, #1039, .F. ) ;
#576 = EDGE_CURVE ( 'NONE', #691, #211, #184, .T. ) ;
#577 = CARTESIAN_POINT ( 'NONE',  ( -2.104861686034512824E-16, 1.441941738241593551, -0.4903390908012157379 ) ) ;
#578 = VECTOR ( 'NONE', #1516, 39.37007874015748143 ) ;
#579 = DIRECTION ( 'NONE',  ( 1.000000000000000000, 0.000000000000000000, 0.000000000000000000 ) ) ;
#580 = CARTESIAN_POINT ( 'NONE',  ( -0.8125000000000000000, 0.3974311839712927341, -2.146589090801215960 ) ) ;
#581 = CARTESIAN_POINT ( 'NONE',  ( 0.8125000000000000000, 1.000000000000000222, 1.112586786809755646 ) ) ;
#582 = DIRECTION ( 'NONE',  ( 0.000000000000000000, 0.3255681544571605301, -0.9455185755993154029 ) ) ;
#583 = EDGE_CURVE ( 'NONE', #37, #864, #543, .T. ) ;
#584 = CARTESIAN_POINT ( 'NONE',  ( 0.8125000000000000000, -0.07848009653572554645, -0.9931399810516430282 ) ) ;
#585 = CARTESIAN_POINT ( 'NONE',  ( -0.6875000000000000000, 0.1249999999999998335, -1.584089090801215516 ) ) ;
#586 = FACE_OUTER_BOUND ( 'NONE', #168, .T. ) ;
#587 = AXIS2_PLACEMENT_3D ( 'NONE', #1396, #35, #625 ) ;
#588 = CIRCLE ( 'NONE', #1727, 0.1562500000000000278 ) ;
#589 = B_SPLINE_CURVE_WITH_KNOTS ( 'NONE', 3,
 ( #841, #1285, #489, #963 ),
 .UNSPECIFIED., .F., .F.,
 ( 4, 4 ),
 ( 0.000000000000000000, 0.002878519030627192579 ),
 .UNSPECIFIED. ) ;
#590 = EDGE_CURVE ( 'NONE', #7, #1404, #1449, .T. ) ;
#591 = CARTESIAN_POINT ( 'NONE',  ( 0.000000000000000000, 0.000000000000000000, 0.000000000000000000 ) ) ;
#592 = AXIS2_PLACEMENT_3D ( 'NONE', #787, #1403, #446 ) ;
#593 = AXIS2_PLACEMENT_3D ( 'NONE', #866, #1012, #712 ) ;
#594 = DIRECTION ( 'NONE',  ( 1.000000000000000000, 0.000000000000000000, 0.000000000000000000 ) ) ;
#595 = FACE_OUTER_BOUND ( 'NONE', #1747, .T. ) ;
#596 = CARTESIAN_POINT ( 'NONE',  ( -0.1483708721792471319, -0.2805416736393646637, -0.8083943243827739211 ) ) ;
#597 = FACE_OUTER_BOUND ( 'NONE', #89, .T. ) ;
#598 = PERSON_AND_ORGANIZATION_ROLE ( 'classification_officer' ) ;
#599 = EDGE_CURVE ( 'NONE', #1480, #1450, #1534, .T. ) ;
#600 = VERTEX_POINT ( 'NONE', #80 ) ;
#601 = CARTESIAN_POINT ( 'NONE',  ( 0.8100925873009825473, 1.000000000000000222, 1.112586786809755646 ) ) ;
#602 = DIRECTION ( 'NONE',  ( 0.000000000000000000, -0.3255681544571604746, 0.9455185755993155139 ) ) ;
#603 = CARTESIAN_POINT ( 'NONE',  ( 0.8125000000000000000, 0.1474311839712923455, -0.2715890908012159599 ) ) ;
#604 = DIRECTION ( 'NONE',  ( 0.000000000000000000, 0.000000000000000000, 1.000000000000000000 ) ) ;
#605 = ORIENTED_EDGE ( 'NONE', *, *, #202, .T. ) ;
#606 = EDGE_LOOP ( 'NONE', ( #819, #531, #2003, #1653, #1638, #1603, #44, #816 ) ) ;
#607 = CARTESIAN_POINT ( 'NONE',  ( 0.000000000000000000, -1.683879298837762217, -2.521589090801215516 ) ) ;
#608 = CYLINDRICAL_SURFACE ( 'NONE', #1394, 0.8750000000000002220 ) ;
#609 = CIRCLE ( 'NONE', #645, 0.1562500000000002776 ) ;
#610 = CARTESIAN_POINT ( 'NONE',  ( 0.8125000000000000000, 1.000000000000000222, -2.896589090801215516 ) ) ;
#611 = FACE_BOUND ( 'NONE', #1536, .T. ) ;
#612 = CARTESIAN_POINT ( 'NONE',  ( -0.3062184335382290290, 0.5537819662124967568, 0.3674871155950377721 ) ) ;
#613 = ADVANCED_FACE ( 'NONE', ( #537 ), #703, .F. ) ;
#614 = PERSON_AND_ORGANIZATION ( #956, #485 ) ;
#615 = AXIS2_PLACEMENT_3D ( 'NONE', #1371, #594, #107 ) ;
#616 = FACE_OUTER_BOUND ( 'NONE', #1872, .T. ) ;
#617 = EDGE_CURVE ( 'NONE', #1929, #657, #1168, .T. ) ;
#618 = ORIENTED_EDGE ( 'NONE', *, *, #1257, .T. ) ;
#619 = DIRECTION ( 'NONE',  ( 0.000000000000000000, -1.000000000000000000, 3.330669073875468635E-16 ) ) ;
#620 = CARTESIAN_POINT ( 'NONE',  ( 0.5625000000000000000, 0.6758700241339319348, 0.01291764974529452208 ) ) ;
#621 =( BOUNDED_CURVE ( )  B_SPLINE_CURVE ( 3, ( #271, #553, #1489, #1987 ),
 .UNSPECIFIED., .F., .T. ) 
 B_SPLINE_CURVE_WITH_KNOTS ( ( 4, 4 ),
 ( 1.570796326794896558, 4.712388980384689674 ),
 .UNSPECIFIED. ) 
 CURVE ( )  GEOMETRIC_REPRESENTATION_ITEM ( )  RATIONAL_B_SPLINE_CURVE ( ( 1.000000000000000000, 0.3333333333333333703, 0.3333333333333333703, 1.000000000000000000 ) ) 
 REPRESENTATION_ITEM ( '' )  );
#622 = CARTESIAN_POINT ( 'NONE',  ( -0.5964464146050504345, 1.000000000000000222, 0.7364210020386129374 ) ) ;
#623 = DIRECTION ( 'NONE',  ( 1.000000000000000000, 0.000000000000000000, 0.000000000000000000 ) ) ;
#624 = ORIENTED_EDGE ( 'NONE', *, *, #1496, .F. ) ;
#625 = DIRECTION ( 'NONE',  ( 0.000000000000000000, 0.000000000000000000, -1.000000000000000000 ) ) ;
#626 = EDGE_CURVE ( 'NONE', #1163, #194, #1819, .T. ) ;
#627 = ORIENTED_EDGE ( 'NONE', *, *, #1765, .T. ) ;
#628 = ORIENTED_EDGE ( 'NONE', *, *, #883, .F. ) ;
#629 = CARTESIAN_POINT ( 'NONE',  ( 0.8125000000000000000, 1.000000000000000222, -2.896589090801215516 ) ) ;
#630 = EDGE_CURVE ( 'NONE', #1304, #716, #40, .T. ) ;
#631 = DIRECTION ( 'NONE',  ( 3.073328992872296860E-16, -3.885780586188048878E-16, -1.000000000000000000 ) ) ;
#632 = EDGE_CURVE ( 'NONE', #197, #1440, #566, .T. ) ;
#633 = VECTOR ( 'NONE', #55, 39.37007874015748854 ) ;
#634 = CARTESIAN_POINT ( 'NONE',  ( 0.5625000000000000000, 0.1249999999999998335, -1.584089090801215516 ) ) ;
#635 = VERTEX_POINT ( 'NONE', #1941 ) ;
#636 = CARTESIAN_POINT ( 'NONE',  ( 0.000000000000000000, -1.601673339837328180, 0.7429251040345741242 ) ) ;
#637 = AXIS2_PLACEMENT_3D ( 'NONE', #1660, #1358, #100 ) ;
#638 = ORIENTED_EDGE ( 'NONE', *, *, #258, .T. ) ;
#639 = ORIENTED_EDGE ( 'NONE', *, *, #1763, .T. ) ;
#640 = DIRECTION ( 'NONE',  ( 0.000000000000000000, -1.000000000000000000, 2.220446049250313574E-16 ) ) ;
#641 = DIRECTION ( 'NONE',  ( -1.000000000000000000, 0.000000000000000000, -0.000000000000000000 ) ) ;
#642 = CARTESIAN_POINT ( 'NONE',  ( -2.296212748401286986E-16, 0.3974311839712929006, -0.6465890908012157379 ) ) ;
#643 = VERTEX_POINT ( 'NONE', #735 ) ;
#644 = CARTESIAN_POINT ( 'NONE',  ( 1.913510623667740388E-17, 1.441941738241592885, -2.365339090801216404 ) ) ;
#645 = AXIS2_PLACEMENT_3D ( 'NONE', #1336, #1038, #255 ) ;
#646 = ORIENTED_EDGE ( 'NONE', *, *, #1090, .F. ) ;
#647 = CARTESIAN_POINT ( 'NONE',  ( 0.8125000000000000000, 0.3284800965357252411, -2.175038200550788225 ) ) ;
#648 = EDGE_LOOP ( 'NONE', ( #1706, #1487, #810, #1227, #967, #692, #1160, #550, #1005, #693 ) ) ;
#649 = PLANE ( 'NONE',  #798 ) ;
#650 = LOCAL_TIME ( 15, 46, 55.00000000000000000, #1663 ) ;
#651 = CYLINDRICAL_SURFACE ( 'NONE', #1593, 0.1562500000000002776 ) ;
#652 = DIRECTION ( 'NONE',  ( 0.000000000000000000, 1.000000000000000000, 0.000000000000000000 ) ) ;
#653 = VERTEX_POINT ( 'NONE', #1788 ) ;
#654 = CARTESIAN_POINT ( 'NONE',  ( 0.2085218096089614392, 0.04099970721840542898, -2.455456134255032286 ) ) ;
#655 = AXIS2_PLACEMENT_3D ( 'NONE', #368, #1321, #219 ) ;
#656 = VERTEX_POINT ( 'NONE', #417 ) ;
#657 = VERTEX_POINT ( 'NONE', #1164 ) ;
#658 = EDGE_LOOP ( 'NONE', ( #370, #1811, #800, #1385 ) ) ;
#659 = CARTESIAN_POINT ( 'NONE',  ( -0.1249999999999999445, 0.1474311839712924288, 0.1755981937825645267 ) ) ;
#660 = CARTESIAN_POINT ( 'NONE',  ( 0.000000000000000000, 0.2724311839712926231, -2.521589090801215960 ) ) ;
#661 = EDGE_CURVE ( 'NONE', #1400, #412, #1187, .T. ) ;
#662 = CARTESIAN_POINT ( 'NONE',  ( 0.3579077994041771071, 1.000000000000000222, 0.4542179127710522790 ) ) ;
#663 = AXIS2_PLACEMENT_3D ( 'NONE', #1035, #1357, #1499 ) ;
#664 = FACE_OUTER_BOUND ( 'NONE', #221, .T. ) ;
#665 = ORIENTED_EDGE ( 'NONE', *, *, #1143, .F. ) ;
#666 = CARTESIAN_POINT ( 'NONE',  ( 0.1749564899559903908, -0.2156919131955505609, -2.390143805431782287 ) ) ;
#667 = ORIENTED_EDGE ( 'NONE', *, *, #1864, .T. ) ;
#668 = ORIENTED_EDGE ( 'NONE', *, *, #1060, .T. ) ;
#669 = ORIENTED_EDGE ( 'NONE', *, *, #1043, .T. ) ;
#670 = DIRECTION ( 'NONE',  ( 0.000000000000000000, -2.185478394931406630E-16, -1.000000000000000000 ) ) ;
#671 = AXIS2_PLACEMENT_3D ( 'NONE', #1826, #1797, #1184 ) ;
#672 = ADVANCED_FACE ( 'NONE', ( #246 ), #540, .F. ) ;
#673 = DIRECTION ( 'NONE',  ( 1.000000000000000000, 0.000000000000000000, 0.000000000000000000 ) ) ;
#674 = EDGE_CURVE ( 'NONE', #691, #1165, #1699, .T. ) ;
#675 = CARTESIAN_POINT ( 'NONE',  ( 0.000000000000000000, 1.441941738241592885, -2.521589090801216404 ) ) ;
#676 = CARTESIAN_POINT ( 'NONE',  ( -0.6875000000000000000, 0.6250000000000005551, 0.1606549271826875347 ) ) ;
#677 = ORIENTED_EDGE ( 'NONE', *, *, #1456, .F. ) ;
#678 = CARTESIAN_POINT ( 'NONE',  ( 0.01345556579858618422, -0.3740224819584790361, -2.302839090801215960 ) ) ;
#679 = ORIENTED_EDGE ( 'NONE', *, *, #564, .T. ) ;
#680 = ORIENTED_EDGE ( 'NONE', *, *, #1830, .T. ) ;
#681 = ORIENTED_EDGE ( 'NONE', *, *, #1522, .F. ) ;
#682 = VERTEX_POINT ( 'NONE', #890 ) ;
#683 = CYLINDRICAL_SURFACE ( 'NONE', #1859, 0.1562500000000000555 ) ;
#684 = CIRCLE ( 'NONE', #1728, 0.1250000000000000000 ) ;
#685 = ADVANCED_FACE ( 'NONE', ( #1344 ), #1186, .F. ) ;
#686 = CARTESIAN_POINT ( 'NONE',  ( -0.1250000000000000833, 0.8300855059828667892, 0.4106549271826873126 ) ) ;
#687 = CYLINDRICAL_SURFACE ( 'NONE', #545, 0.1250000000000000278 ) ;
#688 = ORIENTED_EDGE ( 'NONE', *, *, #388, .F. ) ;
#689 = CARTESIAN_POINT ( 'NONE',  ( 0.08733495255509779454, -0.3473571504025078638, -2.320676576577419326 ) ) ;
#690 = AXIS2_PLACEMENT_3D ( 'NONE', #1181, #355, #1475 ) ;
#691 = VERTEX_POINT ( 'NONE', #397 ) ;
#692 = ORIENTED_EDGE ( 'NONE', *, *, #24, .T. ) ;
#693 = ORIENTED_EDGE ( 'NONE', *, *, #202, .F. ) ;
#694 = DIRECTION ( 'NONE',  ( 0.000000000000000000, -1.000000000000000000, 3.330669073875468635E-16 ) ) ;
#695 = VERTEX_POINT ( 'NONE', #848 ) ;
#696 = LINE ( 'NONE', #994, #853 ) ;
#697 = EDGE_CURVE ( 'NONE', #1021, #1791, #1017, .T. ) ;
#698 = ORIENTED_EDGE ( 'NONE', *, *, #1496, .T. ) ;
#699 = ADVANCED_FACE ( 'NONE', ( #83 ), #1972, .F. ) ;
#700 = CARTESIAN_POINT ( 'NONE',  ( 0.8125000000000000000, 0.1474311839712910688, -2.458801524682000750 ) ) ;
#701 = DIRECTION ( 'NONE',  ( 0.000000000000000000, -0.3255681544571604191, 0.9455185755993155139 ) ) ;
#702 = VERTEX_POINT ( 'NONE', #1326 ) ;
#703 = PLANE ( 'NONE',  #1806 ) ;
#704 = LINE ( 'NONE', #1322, #1905 ) ;
#705 = CARTESIAN_POINT ( 'NONE',  ( 0.8125000000000000000, 1.000000000000000222, -2.896589090801215516 ) ) ;
#706 = ORIENTED_EDGE ( 'NONE', *, *, #1977, .F. ) ;
#707 = DIRECTION ( 'NONE',  ( 0.000000000000000000, -0.3255681544571605857, 0.9455185755993155139 ) ) ;
#708 = DIRECTION ( 'NONE',  ( 0.000000000000000000, 0.000000000000000000, 1.000000000000000000 ) ) ;
#709 = CIRCLE ( 'NONE', #1844, 0.8750000000000002220 ) ;
#710 = VERTEX_POINT ( 'NONE', #1810 ) ;
#711 = CIRCLE ( 'NONE', #1846, 0.8124999999999998890 ) ;
#712 = DIRECTION ( 'NONE',  ( 0.000000000000000000, 1.561055996379576517E-16, 1.000000000000000000 ) ) ;
#713 = CARTESIAN_POINT ( 'NONE',  ( 0.8125000000000000000, 0.3974311839712922900, -0.2715890908012159044 ) ) ;
#714 = CARTESIAN_POINT ( 'NONE',  ( -0.2097466674310384249, 0.1212407412904258353, -0.7087050274622125334 ) ) ;
#715 = DIRECTION ( 'NONE',  ( 0.000000000000000000, 2.185478394931406630E-16, 1.000000000000000000 ) ) ;
#716 = VERTEX_POINT ( 'NONE', #1028 ) ;
#717 = DIRECTION ( 'NONE',  ( 0.000000000000000000, 0.3255681544571603636, -0.9455185755993154029 ) ) ;
#718 = DIRECTION ( 'NONE',  ( 0.000000000000000000, -3.330669073875469621E-16, 1.000000000000000000 ) ) ;
#719 = ORIENTED_EDGE ( 'NONE', *, *, #1609, .T. ) ;
#720 = AXIS2_PLACEMENT_3D ( 'NONE', #1985, #1677, #1222 ) ;
#721 = CARTESIAN_POINT ( 'NONE',  ( -0.006735396868250250607, -0.3740224819584789806, -2.302839090801215960 ) ) ;
#722 = VECTOR ( 'NONE', #631, 39.37007874015748143 ) ;
#723 = CC_DESIGN_SECURITY_CLASSIFICATION ( #1666, ( #353 ) ) ;
#724 = DIRECTION ( 'NONE',  ( 0.000000000000000000, 1.000000000000000000, -2.220446049250313081E-16 ) ) ;
#725 = DIRECTION ( 'NONE',  ( 0.000000000000000000, 0.3255681544571603636, -0.9455185755993154029 ) ) ;
#726 = DIRECTION ( 'NONE',  ( 0.000000000000000000, 0.3255681544571604746, -0.9455185755993155139 ) ) ;
#727 = CARTESIAN_POINT ( 'NONE',  ( 0.8125000000000000000, 0.1474311839712923455, -0.2715890908012159599 ) ) ;
#728 = EDGE_CURVE ( 'NONE', #85, #1470, #1953, .T. ) ;
#729 = UNCERTAINTY_MEASURE_WITH_UNIT (LENGTH_MEASURE( 1.000000000000000082E-05 ), #1655, 'distance_accuracy_value', 'NONE');
#730 = EDGE_LOOP ( 'NONE', ( #316, #1291, #1428, #1172, #158, #1483, #1569, #513 ) ) ;
#731 = DIRECTION ( 'NONE',  ( 0.000000000000000000, -0.3255681544571604191, 0.9455185755993157359 ) ) ;
#732 = ADVANCED_FACE ( 'NONE', ( #1178 ), #1800, .F. ) ;
#733 = CARTESIAN_POINT ( 'NONE',  ( -0.1249999999999999445, 0.1474311839712924288, 0.1755981937825645267 ) ) ;
#734 = LINE ( 'NONE', #1175, #118 ) ;
#735 = CARTESIAN_POINT ( 'NONE',  ( -0.8125000000000000000, 1.000000000000000222, -2.896589090801215516 ) ) ;
#736 = LINE ( 'NONE', #1354, #1637 ) ;
#737 = EDGE_CURVE ( 'NONE', #991, #925, #609, .T. ) ;
#738 = EDGE_CURVE ( 'NONE', #1783, #1795, #30, .T. ) ;
#739 = CARTESIAN_POINT ( 'NONE',  ( 2.678914873134835372E-17, -1.683879298837762217, -2.740339090801215072 ) ) ;
#740 = AXIS2_PLACEMENT_3D ( 'NONE', #1121, #199, #837 ) ;
#741 = ADVANCED_FACE ( 'NONE', ( #572 ), #1193, .F. ) ;
#742 = FACE_OUTER_BOUND ( 'NONE', #472, .T. ) ;
#743 = DIRECTION ( 'NONE',  ( -1.000000000000000000, 0.000000000000000000, -0.000000000000000000 ) ) ;
#744 = CARTESIAN_POINT ( 'NONE',  ( 0.8125000000000000000, 0.1474311839712920680, -0.7093766569204309480 ) ) ;
#745 = LINE ( 'NONE', #739, #352 ) ;
#746 = CLOSED_SHELL ( 'NONE', ( #538, #1553, #551, #672, #5, #404, #411, #1875, #108, #171, #1300, #1713, #373, #463, #1179, #1054, #354, #1752, #207, #699, #369, #1206, #961, #1312, #613, #1514, #1717, #685, #1507, #1390, #1976, #1667, #420, #1306 ) ) ;
#747 = EDGE_CURVE ( 'NONE', #1904, #1304, #1072, .T. ) ;
#748 = FACE_OUTER_BOUND ( 'NONE', #1452, .T. ) ;
#749 = CARTESIAN_POINT ( 'NONE',  ( -0.8125000000000000000, 0.1474311839712910688, -2.458801524682000750 ) ) ;
#750 = FACE_OUTER_BOUND ( 'NONE', #1745, .T. ) ;
#751 = VECTOR ( 'NONE', #1305, 39.37007874015748143 ) ;
#752 = ORIENTED_EDGE ( 'NONE', *, *, #1702, .F. ) ;
#753 = DIRECTION ( 'NONE',  ( 1.000000000000000000, 0.000000000000000000, 0.000000000000000000 ) ) ;
#754 = VECTOR ( 'NONE', #1427, 39.37007874015748854 ) ;
#755 = CARTESIAN_POINT ( 'NONE',  ( 0.8125000000000000000, 0.3974311839712934558, -1.021589090801216182 ) ) ;
#756 = AXIS2_PLACEMENT_3D ( 'NONE', #911, #1365, #775 ) ;
#757 = CARTESIAN_POINT ( 'NONE',  ( 0.1250000000000000555, 1.790569415042095214, -0.08934507281731272899 ) ) ;
#758 = CARTESIAN_POINT ( 'NONE',  ( -0.6875000000000000000, 0.6555220144803594051, 0.07201256072025172261 ) ) ;
#759 = SHAPE_DEFINITION_REPRESENTATION ( #1382, #398 ) ;
#760 = DIRECTION ( 'NONE',  ( 0.000000000000000000, 0.9455185755993154029, 0.3255681544571603636 ) ) ;
#761 = AXIS2_PLACEMENT_3D ( 'NONE', #252, #1796, #262 ) ;
#762 = PLANE ( 'NONE',  #1878 ) ;
#763 = CC_DESIGN_DATE_AND_TIME_ASSIGNMENT ( #573, #1194, ( #893 ) ) ;
#764 = FACE_OUTER_BOUND ( 'NONE', #1120, .T. ) ;
#765 =( BOUNDED_CURVE ( )  B_SPLINE_CURVE ( 3, ( #1372, #1515, #1508, #733 ),
 .UNSPECIFIED., .F., .F. ) 
 B_SPLINE_CURVE_WITH_KNOTS ( ( 4, 4 ),
 ( 0.000000000000000000, 2.916481937953135706 ),
 .UNSPECIFIED. ) 
 CURVE ( )  GEOMETRIC_REPRESENTATION_ITEM ( )  RATIONAL_B_SPLINE_CURVE ( ( 1.000000000000000000, 0.4082119020940226939, 0.4082119020940226939, 1.000000000000000000 ) ) 
 REPRESENTATION_ITEM ( '' )  );
#766 = EDGE_CURVE ( 'NONE', #1467, #653, #1690, .T. ) ;
#767 = VECTOR ( 'NONE', #462, 39.37007874015748143 ) ;
#768 = LINE ( 'NONE', #755, #242 ) ;
#769 = CARTESIAN_POINT ( 'NONE',  ( 0.8125000000000000000, 0.1474311839712923455, -0.2715890908012159599 ) ) ;
#770 = DIRECTION ( 'NONE',  ( 0.000000000000000000, 6.661338147750939243E-16, 1.000000000000000000 ) ) ;
#771 = CARTESIAN_POINT ( 'NONE',  ( 0.8125000000000000000, 0.3974311839712927896, -1.021589090801215738 ) ) ;
#772 = ORIENTED_EDGE ( 'NONE', *, *, #888, .T. ) ;
#773 = DIRECTION ( 'NONE',  ( 1.000000000000000000, 0.000000000000000000, 0.000000000000000000 ) ) ;
#774 = DIRECTION ( 'NONE',  ( -0.000000000000000000, -1.000000000000000000, -0.000000000000000000 ) ) ;
#775 = DIRECTION ( 'NONE',  ( 0.000000000000000000, -0.3255681544571603636, 0.9455185755993154029 ) ) ;
#776 = DIRECTION ( 'NONE',  ( 0.000000000000000000, 5.551115123125782702E-17, -1.000000000000000000 ) ) ;
#777 = EDGE_CURVE ( 'NONE', #600, #1783, #1177, .T. ) ;
#778 = ORIENTED_EDGE ( 'NONE', *, *, #630, .T. ) ;
#779 = AXIS2_PLACEMENT_3D ( 'NONE', #675, #1295, #1923 ) ;
#780 = PLANE ( 'NONE',  #826 ) ;
#781 = ORIENTED_EDGE ( 'NONE', *, *, #937, .T. ) ;
#782 = LOCAL_TIME ( 15, 46, 55.00000000000000000, #289 ) ;
#783 = EDGE_CURVE ( 'NONE', #1865, #940, #1854, .T. ) ;
#784 = EDGE_LOOP ( 'NONE', ( #752, #1822, #698, #93 ) ) ;
#785 = DIRECTION ( 'NONE',  ( 2.905889651688690810E-16, 0.3255681544571603636, -0.9455185755993154029 ) ) ;
#786 = LINE ( 'NONE', #938, #722 ) ;
#787 = CARTESIAN_POINT ( 'NONE',  ( 0.8125000000000000000, 0.1474311839712910688, -2.896589090801215072 ) ) ;
#788 = ORIENTED_EDGE ( 'NONE', *, *, #1455, .F. ) ;
#789 = DIRECTION ( 'NONE',  ( -1.000000000000000000, 0.000000000000000000, -0.000000000000000000 ) ) ;
#790 = CARTESIAN_POINT ( 'NONE',  ( -0.1197789861347773599, 0.9375000000000003331, 0.4464039758486987308 ) ) ;
#791 = ORIENTED_EDGE ( 'NONE', *, *, #1060, .F. ) ;
#792 = CARTESIAN_POINT ( 'NONE',  ( 0.8125000000000000000, 0.3974311839712922900, -0.2715890908012159044 ) ) ;
#793 = CARTESIAN_POINT ( 'NONE',  ( -0.2084953616815085620, 0.04009112533234031328, -2.455371855973942807 ) ) ;
#794 = AXIS2_PLACEMENT_3D ( 'NONE', #182, #172, #1735 ) ;
#795 = DIRECTION ( 'NONE',  ( 0.000000000000000000, -2.731847993664263218E-16, -1.000000000000000000 ) ) ;
#796 = EDGE_LOOP ( 'NONE', ( #1896, #528, #1297, #529, #948, #605, #209 ) ) ;
#797 = LINE ( 'NONE', #491, #1030 ) ;
#798 = AXIS2_PLACEMENT_3D ( 'NONE', #1070, #773, #1401 ) ;
#799 = ORIENTED_EDGE ( 'NONE', *, *, #1240, .F. ) ;
#800 = ORIENTED_EDGE ( 'NONE', *, *, #1626, .T. ) ;
#801 = ORIENTED_EDGE ( 'NONE', *, *, #258, .F. ) ;
#802 = DIRECTION ( 'NONE',  ( 1.000000000000000000, 1.355854680848614260E-31, 3.073328992872295381E-16 ) ) ;
#803 = FACE_BOUND ( 'NONE', #1607, .T. ) ;
#804 = CARTESIAN_POINT ( 'NONE',  ( 0.1197789861347771934, 0.9375000000000005551, 0.4464039758486986198 ) ) ;
#805 = ORIENTED_EDGE ( 'NONE', *, *, #1411, .T. ) ;
#806 = EDGE_CURVE ( 'NONE', #85, #1393, #1042, .T. ) ;
#807 = CARTESIAN_POINT ( 'NONE',  ( 0.2095993002569009611, 0.09423553452404676012, -2.458954864088077841 ) ) ;
#808 = VECTOR ( 'NONE', #259, 39.37007874015748143 ) ;
#809 = EDGE_LOOP ( 'NONE', ( #1608, #254, #1606, #1453 ) ) ;
#810 = ORIENTED_EDGE ( 'NONE', *, *, #617, .T. ) ;
#811 = VERTEX_POINT ( 'NONE', #1207 ) ;
#812 = DIRECTION ( 'NONE',  ( 1.000000000000000000, 0.000000000000000000, 0.000000000000000000 ) ) ;
#813 = DIRECTION ( 'NONE',  ( 0.000000000000000000, -1.000000000000000000, 2.220446049250313574E-16 ) ) ;
#814 = LINE ( 'NONE', #229, #1670 ) ;
#815 = DIRECTION ( 'NONE',  ( 0.000000000000000000, 0.3255681544571606412, -0.9455185755993155139 ) ) ;
#816 = ORIENTED_EDGE ( 'NONE', *, *, #1090, .T. ) ;
#817 = CARTESIAN_POINT ( 'NONE',  ( -2.104861686034512824E-16, 0.3974311839712925676, -0.4903390908012155158 ) ) ;
#818 = AXIS2_PLACEMENT_3D ( 'NONE', #1622, #1481, #112 ) ;
#819 = ORIENTED_EDGE ( 'NONE', *, *, #14, .F. ) ;
#820 = ORIENTED_EDGE ( 'NONE', *, *, #1343, .F. ) ;
#821 = ORIENTED_EDGE ( 'NONE', *, *, #64, .F. ) ;
#822 = CARTESIAN_POINT ( 'NONE',  ( 0.2095454223809846972, 0.1474311839712919014, -0.7093766569204307260 ) ) ;
#823 = DIRECTION ( 'NONE',  ( 0.000000000000000000, 1.000000000000000000, -1.332267629550187849E-15 ) ) ;
#824 = EDGE_CURVE ( 'NONE', #1916, #710, #975, .T. ) ;
#825 = DIRECTION ( 'NONE',  ( 0.000000000000000000, -6.661338147750939243E-16, -1.000000000000000000 ) ) ;
#826 = AXIS2_PLACEMENT_3D ( 'NONE', #581, #1202, #604 ) ;
#827 = CARTESIAN_POINT ( 'NONE',  ( 0.8125000000000000000, 0.3974311839712922900, -0.2715890908012159044 ) ) ;
#828 = ORIENTED_EDGE ( 'NONE', *, *, #24, .F. ) ;
#829 = EDGE_CURVE ( 'NONE', #1393, #1176, #1978, .T. ) ;
#830 = CARTESIAN_POINT ( 'NONE',  ( 0.09752813184644608391, -0.3397996479486134480, -2.325496440018763877 ) ) ;
#831 =( BOUNDED_CURVE ( )  B_SPLINE_CURVE ( 3, ( #1850, #445, #622, #140 ),
 .UNSPECIFIED., .F., .F. ) 
 B_SPLINE_CURVE_WITH_KNOTS ( ( 4, 4 ),
 ( 3.141592653589793116, 4.824229130989967196 ),
 .UNSPECIFIED. ) 
 CURVE ( )  GEOMETRIC_REPRESENTATION_ITEM ( )  RATIONAL_B_SPLINE_CURVE ( ( 1.000000000000000000, 0.7776537525362267056, 0.7776537525362267056, 1.000000000000000000 ) ) 
 REPRESENTATION_ITEM ( '' )  );
#832 = EDGE_CURVE ( 'NONE', #7, #635, #1992, .T. ) ;
#833 = VERTEX_POINT ( 'NONE', #894 ) ;
#834 = ORIENTED_EDGE ( 'NONE', *, *, #951, .T. ) ;
#835 = ORIENTED_EDGE ( 'NONE', *, *, #1204, .F. ) ;
#836 = ORIENTED_EDGE ( 'NONE', *, *, #1984, .F. ) ;
#837 = DIRECTION ( 'NONE',  ( 0.000000000000000000, 0.3255681544571603636, -0.9455185755993155139 ) ) ;
#838 = VECTOR ( 'NONE', #619, 39.37007874015748143 ) ;
#839 = CARTESIAN_POINT ( 'NONE',  ( 0.9087706688195060778, 0.1474311839712923455, 1.345190090111760606 ) ) ;
#840 = CARTESIAN_POINT ( 'NONE',  ( -0.2095454223809844752, 0.1474311839712914851, -2.458801524682000750 ) ) ;
#841 = CARTESIAN_POINT ( 'NONE',  ( -0.1250000000000000833, 0.8300855059828667892, 0.4106549271826873126 ) ) ;
#842 = ORIENTED_EDGE ( 'NONE', *, *, #1986, .F. ) ;
#843 = CARTESIAN_POINT ( 'NONE',  ( 0.1179971964544562629, -0.3207961139053361888, -0.8310976129756215691 ) ) ;
#844 = EDGE_CURVE ( 'NONE', #1080, #1176, #981, .T. ) ;
#845 = EDGE_LOOP ( 'NONE', ( #17, #1756, #1787, #1429 ) ) ;
#846 = ORIENTED_EDGE ( 'NONE', *, *, #1444, .T. ) ;
#847 = ORIENTED_EDGE ( 'NONE', *, *, #1917, .T. ) ;
#848 = CARTESIAN_POINT ( 'NONE',  ( 0.000000000000000000, 0.2724311839712925676, -2.677839090801215960 ) ) ;
#849 = EDGE_CURVE ( 'NONE', #1109, #72, #745, .T. ) ;
#850 = ORIENTED_EDGE ( 'NONE', *, *, #1147, .F. ) ;
#851 = FACE_OUTER_BOUND ( 'NONE', #185, .T. ) ;
#852 = EDGE_LOOP ( 'NONE', ( #799, #1116, #357, #96, #778, #801 ) ) ;
#853 = VECTOR ( 'NONE', #1316, 39.37007874015748143 ) ;
#854 = CYLINDRICAL_SURFACE ( 'NONE', #690, 0.1562500000000002776 ) ;
#855 = DIRECTION ( 'NONE',  ( 0.000000000000000000, 1.000000000000000000, -2.220446049250313081E-16 ) ) ;
#856 = ORIENTED_EDGE ( 'NONE', *, *, #442, .T. ) ;
#857 = AXIS2_PLACEMENT_3D ( 'NONE', #1804, #1170, #402 ) ;
#858 = CARTESIAN_POINT ( 'NONE',  ( 0.1408671477188367660, -0.2909726515151567217, -0.8142015894346755767 ) ) ;
#859 = AXIS2_PLACEMENT_3D ( 'NONE', #1443, #673, #1294 ) ;
#860 = CARTESIAN_POINT ( 'NONE',  ( 0.1232246053948910930, 0.9016543726650855239, 0.4348592551642770920 ) ) ;
#861 = ORIENTED_EDGE ( 'NONE', *, *, #1562, .F. ) ;
#862 = DIRECTION ( 'NONE',  ( 0.000000000000000000, -4.370956789862813261E-16, -1.000000000000000000 ) ) ;
#863 = DIRECTION ( 'NONE',  ( -3.642463991552351944E-16, -0.3255681544571606967, 0.9455185755993155139 ) ) ;
#864 = VERTEX_POINT ( 'NONE', #1998 ) ;
#865 = VECTOR ( 'NONE', #151, 39.37007874015748143 ) ;
#866 = CARTESIAN_POINT ( 'NONE',  ( -2.296212748401286986E-16, 0.2724311839712930117, -0.6465890908012159599 ) ) ;
#867 = FACE_OUTER_BOUND ( 'NONE', #1265, .T. ) ;
#868 = VERTEX_POINT ( 'NONE', #601 ) ;
#869 = VECTOR ( 'NONE', #770, 39.37007874015748143 ) ;
#870 = CARTESIAN_POINT ( 'NONE',  ( -0.2085657906290933061, 0.04263617573627355439, -0.7125812933195633248 ) ) ;
#871 = LINE ( 'NONE', #563, #1712 ) ;
#872 = ORIENTED_EDGE ( 'NONE', *, *, #983, .F. ) ;
#873 = CARTESIAN_POINT ( 'NONE',  ( -0.8125000000000000000, 0.1249999999999998335, -1.584089090801215516 ) ) ;
#874 = CARTESIAN_POINT ( 'NONE',  ( -0.1250000000000000833, 0.9375000000000003331, 0.4106549271826872016 ) ) ;
#875 = ORIENTED_EDGE ( 'NONE', *, *, #1703, .T. ) ;
#876 = DIRECTION ( 'NONE',  ( -0.000000000000000000, -0.9455185755993154029, -0.3255681544571603636 ) ) ;
#877 = PLANE ( 'NONE',  #1448 ) ;
#878 = CARTESIAN_POINT ( 'NONE',  ( -0.2095454223809851690, 0.1474311839712919014, -0.7093766569204307260 ) ) ;
#879 = CARTESIAN_POINT ( 'NONE',  ( 0.8125000000000000000, 0.1474311839712923455, -0.2715890908012159599 ) ) ;
#880 = ORIENTED_EDGE ( 'NONE', *, *, #888, .F. ) ;
#881 = DIRECTION ( 'NONE',  ( -1.000000000000000000, 0.000000000000000000, -0.000000000000000000 ) ) ;
#882 = VERTEX_POINT ( 'NONE', #250 ) ;
#883 = EDGE_CURVE ( 'NONE', #307, #991, #1849, .T. ) ;
#884 = DIRECTION ( 'NONE',  ( 0.000000000000000000, -1.000000000000000000, 6.661338147750939243E-16 ) ) ;
#885 = VECTOR ( 'NONE', #163, 39.37007874015748143 ) ;
#886 = AXIS2_PLACEMENT_3D ( 'NONE', #376, #812, #970 ) ;
#887 = CARTESIAN_POINT ( 'NONE',  ( 0.1197789861347771934, 0.9375000000000005551, 0.4464039758486986198 ) ) ;
#888 = EDGE_CURVE ( 'NONE', #702, #635, #443, .T. ) ;
#889 = AXIS2_PLACEMENT_3D ( 'NONE', #1921, #1485, #1628 ) ;
#890 = CARTESIAN_POINT ( 'NONE',  ( -0.8125000000000000000, 0.3974311839712922345, -2.896589090801215072 ) ) ;
#891 = COORDINATED_UNIVERSAL_TIME_OFFSET ( 5, 0, .BEHIND. ) ;
#892 = EDGE_CURVE ( 'NONE', #864, #1118, #1488, .T. ) ;
#893 = PRODUCT_DEFINITION ( 'UNKNOWN', '', #353, #1974 ) ;
#894 = CARTESIAN_POINT ( 'NONE',  ( 0.8125000000000000000, 0.6962180337875044644, -0.04617726122966270275 ) ) ;
#895 = CARTESIAN_POINT ( 'NONE',  ( -0.1914299097520568149, -0.1476729169988155732, -0.7525598094818114481 ) ) ;
#896 = CARTESIAN_POINT ( 'NONE',  ( 0.000000000000000000, 0.3974311839712925121, -2.521589090801215960 ) ) ;
#897 = DIRECTION ( 'NONE',  ( 0.000000000000000000, 0.000000000000000000, 1.000000000000000000 ) ) ;
#898 = EDGE_CURVE ( 'NONE', #940, #1865, #2015, .T. ) ;
#899 = LINE ( 'NONE', #1361, #1990 ) ;
#900 = VECTOR ( 'NONE', #193, 39.37007874015748143 ) ;
#901 = EDGE_CURVE ( 'NONE', #321, #710, #1378, .T. ) ;
#902 = CARTESIAN_POINT ( 'NONE',  ( -0.1570384540563678766, -0.2617083994119784873, -2.369092976689440633 ) ) ;
#903 = CARTESIAN_POINT ( 'NONE',  ( 0.8125000000000000000, 0.1249999999999998335, -1.584089090801215516 ) ) ;
#904 = CARTESIAN_POINT ( 'NONE',  ( -0.1596614784673180409, -0.2576425722709975163, -0.7967608092364805161 ) ) ;
#905 = DIRECTION ( 'NONE',  ( 0.000000000000000000, -0.3255681544571604746, 0.9455185755993155139 ) ) ;
#906 = COORDINATED_UNIVERSAL_TIME_OFFSET ( 5, 0, .BEHIND. ) ;
#907 = EDGE_CURVE ( 'NONE', #1883, #359, #786, .T. ) ;
#908 = AXIS2_PLACEMENT_3D ( 'NONE', #122, #884, #1657 ) ;
#909 = CARTESIAN_POINT ( 'NONE',  ( 0.5625000000000000000, 0.6250000000000005551, 0.1606549271826875347 ) ) ;
#910 = VECTOR ( 'NONE', #1101, 39.37007874015748143 ) ;
#911 = CARTESIAN_POINT ( 'NONE',  ( 0.8125000000000000000, 0.7558238841571299771, 1.821725718509242142 ) ) ;
#912 = CARTESIAN_POINT ( 'NONE',  ( -0.01377712466354201991, -0.3735547931433577662, -0.8650136931439598165 ) ) ;
#913 = FACE_OUTER_BOUND ( 'NONE', #730, .T. ) ;
#914 = PERSON_AND_ORGANIZATION ( #956, #485 ) ;
#915 = CARTESIAN_POINT ( 'NONE',  ( 0.8125000000000000000, 0.6250000000000005551, 0.1606549271826875347 ) ) ;
#916 = CARTESIAN_POINT ( 'NONE',  ( 0.1250000000000000555, 0.1474311839712924843, 0.1755981937825645267 ) ) ;
#917 = EDGE_CURVE ( 'NONE', #1641, #1586, #2006, .T. ) ;
#918 = DIRECTION ( 'NONE',  ( 1.776356839400250070E-15, 0.000000000000000000, 1.000000000000000000 ) ) ;
#919 = VECTOR ( 'NONE', #694, 39.37007874015748143 ) ;
#920 = LINE ( 'NONE', #1231, #1645 ) ;
#921 = DIRECTION ( 'NONE',  ( 0.000000000000000000, -1.000000000000000000, 6.661338147750939243E-16 ) ) ;
#922 = CARTESIAN_POINT ( 'NONE',  ( -2.296212748401286986E-16, 1.441941738241593551, -0.8028390908012162930 ) ) ;
#923 = CALENDAR_DATE ( 2025, 3, 9 ) ;
#924 = LINE ( 'NONE', #1543, #227 ) ;
#925 = VERTEX_POINT ( 'NONE', #181 ) ;
#926 = DIRECTION ( 'NONE',  ( 0.000000000000000000, -1.561055996379579475E-16, -1.000000000000000000 ) ) ;
#927 = CARTESIAN_POINT ( 'NONE',  ( 0.1250000000000000555, 0.1474311839712924843, 0.1755981937825645267 ) ) ;
#928 = AXIS2_PLACEMENT_3D ( 'NONE', #1857, #802, #785 ) ;
#929 = DIRECTION ( 'NONE',  ( 1.000000000000000000, 0.000000000000000000, 0.000000000000000000 ) ) ;
#930 = DIRECTION ( 'NONE',  ( -0.000000000000000000, 1.000000000000000000, 6.106226635438360972E-16 ) ) ;
#931 = ORIENTED_EDGE ( 'NONE', *, *, #1549, .F. ) ;
#932 = ADVANCED_FACE ( 'NONE', ( #764 ), #651, .F. ) ;
#933 = CARTESIAN_POINT ( 'NONE',  ( -0.3062184335382290290, 0.6250000000000005551, 0.1606549271826875347 ) ) ;
#934 = DIRECTION ( 'NONE',  ( -1.000000000000000000, 0.000000000000000000, -0.000000000000000000 ) ) ;
#935 = ORIENTED_EDGE ( 'NONE', *, *, #1457, .T. ) ;
#936 = CARTESIAN_POINT ( 'NONE',  ( 0.8125000000000000000, 0.3974311839712922345, -2.896589090801215072 ) ) ;
#937 = EDGE_CURVE ( 'NONE', #400, #7, #1571, .T. ) ;
#938 = CARTESIAN_POINT ( 'NONE',  ( -0.1250000000000000833, 0.1474311839712925676, 0.4106549271826875902 ) ) ;
#939 = DIRECTION ( 'NONE',  ( -0.000000000000000000, 1.000000000000000000, 6.106226635438360972E-16 ) ) ;
#940 = VERTEX_POINT ( 'NONE', #620 ) ;
#941 = AXIS2_PLACEMENT_3D ( 'NONE', #287, #930, #1366 ) ;
#942 = AXIS2_PLACEMENT_3D ( 'NONE', #1539, #1694, #1391 ) ;
#943 = CYLINDRICAL_SURFACE ( 'NONE', #1898, 0.1250000000000000278 ) ;
#944 = ADVANCED_FACE ( 'NONE', ( #138 ), #608, .T. ) ;
#946 = DIRECTION ( 'NONE',  ( 0.000000000000000000, 0.3255681544571606412, -0.9455185755993155139 ) ) ;
#945 = AXIS2_PLACEMENT_3D ( 'NONE', #933, #133, #1995 ) ;
#947 = CIRCLE ( 'NONE', #1209, 0.2187499999999999722 ) ;
#948 = ORIENTED_EDGE ( 'NONE', *, *, #1411, .F. ) ;
#949 = PLANE ( 'NONE',  #1167 ) ;
#950 = CIRCLE ( 'NONE', #1730, 0.1562500000000002776 ) ;
#951 = EDGE_CURVE ( 'NONE', #23, #833, #519, .T. ) ;
#952 = CARTESIAN_POINT ( 'NONE',  ( -2.296212748401286986E-16, 1.441941738241593551, -0.6465890908012160709 ) ) ;
#953 = DIRECTION ( 'NONE',  ( -1.000000000000000000, 0.000000000000000000, -0.000000000000000000 ) ) ;
#954 = ORIENTED_EDGE ( 'NONE', *, *, #576, .F. ) ;
#955 = LINE ( 'NONE', #1892, #200 ) ;
#956 = PERSON ( 'UNSPECIFIED', 'UNSPECIFIED', 'UNSPECIFIED', ('UNSPECIFIED'), ('UNSPECIFIED'), ('UNSPECIFIED') ) ;
#957 = CARTESIAN_POINT ( 'NONE',  ( 0.2095454223809844752, 0.1474311839712914851, -2.458801524682000750 ) ) ;
#958 = VERTEX_POINT ( 'NONE', #1241 ) ;
#959 = CARTESIAN_POINT ( 'NONE',  ( 0.5624999999999998890, 0.6250000000000005551, 0.1606549271826875347 ) ) ;
#960 = PLANE ( 'NONE',  #1927 ) ;
#961 = ADVANCED_FACE ( 'NONE', ( #475 ), #1073, .F. ) ;
#962 = VECTOR ( 'NONE', #381, 39.37007874015748143 ) ;
#963 = CARTESIAN_POINT ( 'NONE',  ( -0.1197789861347773599, 0.9375000000000003331, 0.4464039758486987308 ) ) ;
#964 = EDGE_LOOP ( 'NONE', ( #875, #627 ) ) ;
#965 = DIRECTION ( 'NONE',  ( 0.000000000000000000, -0.3255681544571604191, 0.9455185755993155139 ) ) ;
#966 = VECTOR ( 'NONE', #136, 39.37007874015748143 ) ;
#967 = ORIENTED_EDGE ( 'NONE', *, *, #64, .T. ) ;
#968 = EDGE_LOOP ( 'NONE', ( #575, #677 ) ) ;
#969 = VERTEX_POINT ( 'NONE', #454 ) ;
#970 = DIRECTION ( 'NONE',  ( 0.000000000000000000, 0.3255681544571603636, -0.9455185755993155139 ) ) ;
#971 = CARTESIAN_POINT ( 'NONE',  ( -0.8100925873009824363, 1.000000000000000222, 1.112586786809755646 ) ) ;
#972 = DIRECTION ( 'NONE',  ( 0.000000000000000000, -1.748382715945125304E-15, 1.000000000000000000 ) ) ;
#973 = ORIENTED_EDGE ( 'NONE', *, *, #1242, .T. ) ;
#974 = CARTESIAN_POINT ( 'NONE',  ( 0.1928386758180485605, -0.1418849339588002800, -2.417811062820297341 ) ) ;
#975 = CIRCLE ( 'NONE', #1229, 0.09374999999999997224 ) ;
#976 = ADVANCED_FACE ( 'NONE', ( #1723, #803 ), #960, .T. ) ;
#977 = ORIENTED_EDGE ( 'NONE', *, *, #832, .F. ) ;
#978 = ORIENTED_EDGE ( 'NONE', *, *, #273, .T. ) ;
#979 = ORIENTED_EDGE ( 'NONE', *, *, #363, .F. ) ;
#980 = CARTESIAN_POINT ( 'NONE',  ( 0.2048780958930050966, -0.03460143883492244887, -0.7233658525658642757 ) ) ;
#981 = CIRCLE ( 'NONE', #615, 0.6250000000000004441 ) ;
#982 = CC_DESIGN_APPROVAL ( #487, ( #893 ) ) ;
#983 = EDGE_CURVE ( 'NONE', #71, #1439, #1964, .T. ) ;
#984 = DIRECTION ( 'NONE',  ( 0.000000000000000000, 0.000000000000000000, 1.000000000000000000 ) ) ;
#985 = EDGE_CURVE ( 'NONE', #359, #194, #191, .T. ) ;
#986 = FACE_BOUND ( 'NONE', #60, .T. ) ;
#987 = CARTESIAN_POINT ( 'NONE',  ( 0.8125000000000000000, 0.1474311839712919014, -0.7093766569204307260 ) ) ;
#988 = ORIENTED_EDGE ( 'NONE', *, *, #377, .F. ) ;
#989 = DIRECTION ( 'NONE',  ( -1.000000000000000000, 0.000000000000000000, -0.000000000000000000 ) ) ;
#990 = EDGE_LOOP ( 'NONE', ( #628, #788, #536, #1436 ) ) ;
#991 = VERTEX_POINT ( 'NONE', #1537 ) ;
#992 = VERTEX_POINT ( 'NONE', #1082 ) ;
#993 = ORIENTED_EDGE ( 'NONE', *, *, #388, .T. ) ;
#994 = CARTESIAN_POINT ( 'NONE',  ( -0.8125000000000000000, 1.000000000000000222, -2.896589090801215516 ) ) ;
#995 = CARTESIAN_POINT ( 'NONE',  ( 0.8125000000000000000, 0.3284800965357251301, -2.175038200550787781 ) ) ;
#996 = EDGE_CURVE ( 'NONE', #1791, #419, #1397, .T. ) ;
#997 = CARTESIAN_POINT ( 'NONE',  ( 0.8125000000000000000, 0.1474311839712919014, -0.7093766569204307260 ) ) ;
#998 = CARTESIAN_POINT ( 'NONE',  ( -0.8125000000000000000, 0.3974311839712922345, -2.896589090801215072 ) ) ;
#999 = VERTEX_POINT ( 'NONE', #302 ) ;
#1000 = ADVANCED_FACE ( 'NONE', ( #1588 ), #517, .F. ) ;
#1001 = CARTESIAN_POINT ( 'NONE',  ( 0.1473936023328881462, -0.2801334461672500553, -0.8084282849445176833 ) ) ;
#1002 = AXIS2_PLACEMENT_3D ( 'NONE', #1319, #88, #701 ) ;
#1003 = EDGE_CURVE ( 'NONE', #211, #695, #950, .T. ) ;
#1004 = ORIENTED_EDGE ( 'NONE', *, *, #1566, .F. ) ;
#1005 = ORIENTED_EDGE ( 'NONE', *, *, #583, .F. ) ;
#1006 = VERTEX_POINT ( 'NONE', #1766 ) ;
#1007 = CARTESIAN_POINT ( 'NONE',  ( 0.000000000000000000, 0.3974311839712925121, -2.521589090801215960 ) ) ;
#1008 = EDGE_LOOP ( 'NONE', ( #1460, #1997 ) ) ;
#1009 = CARTESIAN_POINT ( 'NONE',  ( -0.1249999999999999306, 0.5944779855196418161, 0.2492972936451233468 ) ) ;
#1010 = CIRCLE ( 'NONE', #1948, 0.1562500000000002776 ) ;
#1011 = EDGE_LOOP ( 'NONE', ( #336, #1789, #834, #1874 ) ) ;
#1012 = DIRECTION ( 'NONE',  ( 0.000000000000000000, 1.000000000000000000, -2.220446049250313081E-16 ) ) ;
#1013 = FACE_BOUND ( 'NONE', #361, .T. ) ;
#1014 = ORIENTED_EDGE ( 'NONE', *, *, #1384, .T. ) ;
#1015 = CARTESIAN_POINT ( 'NONE',  ( 0.1889811074619783260, -0.1598721351500156374, -0.7567603371518142330 ) ) ;
#1016 = ORIENTED_EDGE ( 'NONE', *, *, #1438, .F. ) ;
#1017 = LINE ( 'NONE', #94, #1501 ) ;
#1018 = ORIENTED_EDGE ( 'NONE', *, *, #1765, .F. ) ;
#1019 = DIRECTION ( 'NONE',  ( -1.000000000000000000, -1.109335647967047851E-31, -3.073328992872295381E-16 ) ) ;
#1020 = CLOSED_SHELL ( 'NONE', ( #189, #1352, #932, #511, #1474, #465, #944, #228, #111, #1000, #299, #1827, #1253, #1528, #741, #1780, #1991, #119, #732, #1130, #1838, #976, #1095, #1512 ) ) ;
#1021 = VERTEX_POINT ( 'NONE', #364 ) ;
#1022 = AXIS2_PLACEMENT_3D ( 'NONE', #591, #409, #256 ) ;
#1023 = DIRECTION ( 'NONE',  ( 0.000000000000000000, -1.000000000000000000, 3.330669073875468635E-16 ) ) ;
#1024 = VERTEX_POINT ( 'NONE', #995 ) ;
#1025 = DIRECTION ( 'NONE',  ( 0.000000000000000000, -6.661338147750939243E-16, -1.000000000000000000 ) ) ;
#1026 = DIRECTION ( 'NONE',  ( 0.000000000000000000, 0.9455185755993155139, 0.3255681544571604191 ) ) ;
#1027 = ORIENTED_EDGE ( 'NONE', *, *, #1345, .F. ) ;
#1028 = CARTESIAN_POINT ( 'NONE',  ( -0.2095454223809851690, 0.1474311839712919014, -0.7093766569204307260 ) ) ;
#1029 = MECHANICAL_CONTEXT ( 'NONE', #1815, 'mechanical' ) ;
#1030 = VECTOR ( 'NONE', #25, 39.37007874015748143 ) ;
#1031 = ORIENTED_EDGE ( 'NONE', *, *, #1812, .F. ) ;
#1032 = CARTESIAN_POINT ( 'NONE',  ( 2.678914873134836296E-17, 0.1474311839712913186, -2.740339090801215960 ) ) ;
#1033 = CARTESIAN_POINT ( 'NONE',  ( -9.217231288153329628E-17, 1.790569415042095214, 0.4106549271826873126 ) ) ;
#1034 = VECTOR ( 'NONE', #1088, 39.37007874015748143 ) ;
#1035 = CARTESIAN_POINT ( 'NONE',  ( -0.8125000000000000000, 0.1249999999999998335, -1.584089090801215516 ) ) ;
#1036 = DIRECTION ( 'NONE',  ( 0.000000000000000000, -1.000000000000000000, 2.775557561562890858E-16 ) ) ;
#1037 = EDGE_LOOP ( 'NONE', ( #13, #1627 ) ) ;
#1038 = DIRECTION ( 'NONE',  ( 0.000000000000000000, 1.000000000000000000, -2.220446049250313081E-16 ) ) ;
#1039 = EDGE_CURVE ( 'NONE', #1301, #1136, #268, .T. ) ;
#1040 = ORIENTED_EDGE ( 'NONE', *, *, #101, .F. ) ;
#1041 = CIRCLE ( 'NONE', #20, 0.2187499999999999445 ) ;
#1042 = LINE ( 'NONE', #436, #808 ) ;
#1043 = EDGE_CURVE ( 'NONE', #1586, #958, #275, .T. ) ;
#1044 = CARTESIAN_POINT ( 'NONE',  ( 0.8125000000000000000, 0.1474311839712910688, -2.896589090801215072 ) ) ;
#1045 = DIRECTION ( 'NONE',  ( -1.000000000000000000, 0.000000000000000000, -0.000000000000000000 ) ) ;
#1046 = CARTESIAN_POINT ( 'NONE',  ( 0.1250000000000000278, 0.6250000000000005551, 0.1606549271826875347 ) ) ;
#1047 = EDGE_CURVE ( 'NONE', #1275, #1440, #190, .T. ) ;
#1048 = PLANE ( 'NONE',  #1594 ) ;
#1049 = ORIENTED_EDGE ( 'NONE', *, *, #883, .T. ) ;
#1050 = CIRCLE ( 'NONE', #325, 0.09374999999999998612 ) ;
#1051 = CARTESIAN_POINT ( 'NONE',  ( -0.02686728125356601868, -0.3717811622134790661, -2.304390880142458631 ) ) ;
#1052 = AXIS2_PLACEMENT_3D ( 'NONE', #1103, #464, #1860 ) ;
#1053 = AXIS2_PLACEMENT_3D ( 'NONE', #1442, #532, #863 ) ;
#1054 = ADVANCED_FACE ( 'NONE', ( #41 ), #1909, .T. ) ;
#1055 = LINE ( 'NONE', #570, #303 ) ;
#1056 = CARTESIAN_POINT ( 'NONE',  ( -0.8125000000000000000, 0.1474311839712922345, 0.7529225086472240980 ) ) ;
#1057 = CIRCLE ( 'NONE', #857, 0.2187499999999999445 ) ;
#1058 = LINE ( 'NONE', #744, #869 ) ;
#1059 = CARTESIAN_POINT ( 'NONE',  ( -0.1243078282136691887, -0.3135149349684118736, -2.341358165688474102 ) ) ;
#1060 = EDGE_CURVE ( 'NONE', #1644, #208, #429, .T. ) ;
#1061 = DIRECTION ( 'NONE',  ( 0.000000000000000000, 0.3255681544571603636, -0.9455185755993155139 ) ) ;
#1062 = CARTESIAN_POINT ( 'NONE',  ( -0.8125000000000000000, 1.000000000000000222, 1.046485494235588343 ) ) ;
#1063 = EDGE_CURVE ( 'NONE', #1163, #1091, #1833, .T. ) ;
#1064 = DIRECTION ( 'NONE',  ( 0.000000000000000000, 0.9455185755993155139, 0.3255681544571604191 ) ) ;
#1065 = AXIS2_PLACEMENT_3D ( 'NONE', #676, #22, #1581 ) ;
#1066 = CARTESIAN_POINT ( 'NONE',  ( 0.8125000000000000000, 0.1474311839712923455, -0.2715890908012159599 ) ) ;
#1067 = VECTOR ( 'NONE', #1611, 39.37007874015748143 ) ;
#1068 = CARTESIAN_POINT ( 'NONE',  ( -0.1249999999999999306, 1.790569415042095214, -0.08934507281731268735 ) ) ;
#1069 = FACE_BOUND ( 'NONE', #76, .T. ) ;
#1070 = CARTESIAN_POINT ( 'NONE',  ( 0.8125000000000000000, 0.1249999999999998335, -1.584089090801215516 ) ) ;
#1071 = VERTEX_POINT ( 'NONE', #1434 ) ;
#1072 = CIRCLE ( 'NONE', #908, 0.2187500000000003608 ) ;
#1073 = CYLINDRICAL_SURFACE ( 'NONE', #1052, 0.1562500000000002776 ) ;
#1074 = LINE ( 'NONE', #437, #1900 ) ;
#1075 = DIRECTION ( 'NONE',  ( -1.000000000000000000, 0.000000000000000000, -0.000000000000000000 ) ) ;
#1076 = AXIS2_PLACEMENT_3D ( 'NONE', #486, #774, #918 ) ;
#1077 = LINE ( 'NONE', #1688, #1208 ) ;
#1078 = PERSON_AND_ORGANIZATION ( #956, #485 ) ;
#1079 = CARTESIAN_POINT ( 'NONE',  ( 2.678914873134836296E-17, 0.2724311839712925676, -2.740339090801215960 ) ) ;
#1080 = VERTEX_POINT ( 'NONE', #216 ) ;
#1081 = CARTESIAN_POINT ( 'NONE',  ( 0.8125000000000000000, 0.5741299758660691754, 0.3083922046200806566 ) ) ;
#1082 = CARTESIAN_POINT ( 'NONE',  ( -0.8125000000000000000, 0.3974311839712934558, -1.021589090801216182 ) ) ;
#1083 = AXIS2_PLACEMENT_3D ( 'NONE', #1007, #385, #862 ) ;
#1084 = EDGE_CURVE ( 'NONE', #504, #451, #203, .T. ) ;
#1085 = PLANE ( 'NONE',  #1370 ) ;
#1086 = FACE_OUTER_BOUND ( 'NONE', #1008, .T. ) ;
#1087 = ORIENTED_EDGE ( 'NONE', *, *, #1084, .F. ) ;
#1088 = DIRECTION ( 'NONE',  ( 0.000000000000000000, -5.551115123125782702E-17, 1.000000000000000000 ) ) ;
#1089 = CARTESIAN_POINT ( 'NONE',  ( 0.8125000000000000000, 0.5537819662124967568, 0.3674871155950377721 ) ) ;
#1090 = EDGE_CURVE ( 'NONE', #653, #346, #1472, .T. ) ;
#1091 = VERTEX_POINT ( 'NONE', #1134 ) ;
#1092 = DIRECTION ( 'NONE',  ( 0.000000000000000000, 1.000000000000000000, -9.436895709313830594E-16 ) ) ;
#1093 = DIRECTION ( 'NONE',  ( 0.000000000000000000, 0.000000000000000000, -1.000000000000000000 ) ) ;
#1094 = VECTOR ( 'NONE', #1092, 39.37007874015748143 ) ;
#1095 = ADVANCED_FACE ( 'NONE', ( #87 ), #1601, .F. ) ;
#1096 = LINE ( 'NONE', #1550, #496 ) ;
#1097 = LINE ( 'NONE', #757, #65 ) ;
#1098 = VERTEX_POINT ( 'NONE', #380 ) ;
#1099 = CARTESIAN_POINT ( 'NONE',  ( 0.1453797204033027701, -0.2835688332392939937, -2.357940415070206353 ) ) ;
#1100 = EDGE_CURVE ( 'NONE', #176, #833, #814, .T. ) ;
#1101 = DIRECTION ( 'NONE',  ( -1.000000000000000000, 0.000000000000000000, -0.000000000000000000 ) ) ;
#1102 = ORIENTED_EDGE ( 'NONE', *, *, #661, .F. ) ;
#1103 = CARTESIAN_POINT ( 'NONE',  ( -2.296212748401286986E-16, 1.441941738241593551, -0.6465890908012160709 ) ) ;
#1104 = CARTESIAN_POINT ( 'NONE',  ( 0.000000000000000000, 0.3974311839712923455, -2.521589090801215960 ) ) ;
#1105 = ORIENTED_EDGE ( 'NONE', *, *, #1566, .T. ) ;
#1106 = VECTOR ( 'NONE', #135, 39.37007874015748143 ) ;
#1107 = DIRECTION ( 'NONE',  ( 0.000000000000000000, -8.741913579725626522E-16, -1.000000000000000000 ) ) ;
#1109 = VERTEX_POINT ( 'NONE', #1032 ) ;
#1108 = AXIS2_PLACEMENT_3D ( 'NONE', #1417, #789, #965 ) ;
#1110 = CIRCLE ( 'NONE', #1144, 0.2187499999999999445 ) ;
#1111 = EDGE_CURVE ( 'NONE', #1118, #1275, #77, .T. ) ;
#1112 = ORIENTED_EDGE ( 'NONE', *, *, #1895, .T. ) ;
#1113 = CARTESIAN_POINT ( 'NONE',  ( 0.8125000000000000000, 0.1474311839712913463, -2.458801524682000750 ) ) ;
#1114 = CARTESIAN_POINT ( 'NONE',  ( -0.2075586712813256574, 0.01358449076663266475, -2.452374212407071319 ) ) ;
#1115 = LINE ( 'NONE', #204, #278 ) ;
#1116 = ORIENTED_EDGE ( 'NONE', *, *, #101, .T. ) ;
#1117 = CARTESIAN_POINT ( 'NONE',  ( 0.2097497468308106572, 0.1208399819017036969, -2.459483431240701901 ) ) ;
#1118 = VERTEX_POINT ( 'NONE', #840 ) ;
#1119 = ORIENTED_EDGE ( 'NONE', *, *, #674, .F. ) ;
#1120 = EDGE_LOOP ( 'NONE', ( #681, #1049, #224, #988 ) ) ;
#1121 = CARTESIAN_POINT ( 'NONE',  ( 0.8125000000000000000, 0.1249999999999998335, -1.584089090801215516 ) ) ;
#1122 = VECTOR ( 'NONE', #1541, 39.37007874015748143 ) ;
#1123 = CARTESIAN_POINT ( 'NONE',  ( -0.8125000000000000000, 1.000000000000000222, 1.068546496310845972 ) ) ;
#1124 = LINE ( 'NONE', #508, #86 ) ;
#1125 = ORIENTED_EDGE ( 'NONE', *, *, #1676, .F. ) ;
#1126 = CC_DESIGN_DATE_AND_TIME_ASSIGNMENT ( #1689, #1542, ( #1666 ) ) ;
#1127 = CARTESIAN_POINT ( 'NONE',  ( 0.2025319470184874238, -0.06502556592326677598, -2.438619279677220142 ) ) ;
#1128 = VERTEX_POINT ( 'NONE', #686 ) ;
#1129 = ORIENTED_EDGE ( 'NONE', *, *, #1003, .T. ) ;
#1130 = ADVANCED_FACE ( 'NONE', ( #1613 ), #854, .F. ) ;
#1131 = EDGE_LOOP ( 'NONE', ( #1749, #639, #861 ) ) ;
#1132 = CARTESIAN_POINT ( 'NONE',  ( 0.2096054856317034476, 0.09545819540034324036, -0.7091997762346646805 ) ) ;
#1133 = DIRECTION ( 'NONE',  ( 0.000000000000000000, -7.216449660063517513E-16, -1.000000000000000000 ) ) ;
#1134 = CARTESIAN_POINT ( 'NONE',  ( 0.1250000000000000555, 0.9375000000000004441, -0.08934507281731247919 ) ) ;
#1135 = CYLINDRICAL_SURFACE ( 'NONE', #1162, 0.2187499999999999445 ) ;
#1136 = VERTEX_POINT ( 'NONE', #1318 ) ;
#1137 = DIRECTION ( 'NONE',  ( 0.000000000000000000, 1.000000000000000000, -2.220446049250313081E-16 ) ) ;
#1138 = CIRCLE ( 'NONE', #941, 0.1562500000000002776 ) ;
#1139 = ORIENTED_EDGE ( 'NONE', *, *, #583, .T. ) ;
#1140 = ORIENTED_EDGE ( 'NONE', *, *, #311, .T. ) ;
#1141 = VERTEX_POINT ( 'NONE', #192 ) ;
#1142 = CARTESIAN_POINT ( 'NONE',  ( 0.1938727575025461225, -0.1355033626255859325, -0.7483694958696787136 ) ) ;
#1143 = EDGE_CURVE ( 'NONE', #656, #512, #328, .T. ) ;
#1144 = AXIS2_PLACEMENT_3D ( 'NONE', #225, #362, #1468 ) ;
#1145 = CARTESIAN_POINT ( 'NONE',  ( 0.000000000000000000, 1.441941738241592885, -2.521589090801216404 ) ) ;
#1146 = CIRCLE ( 'NONE', #593, 0.2187500000000003608 ) ;
#1147 = EDGE_CURVE ( 'NONE', #512, #656, #1146, .T. ) ;
#1148 = DIRECTION ( 'NONE',  ( 0.000000000000000000, 6.661338147750939243E-16, 1.000000000000000000 ) ) ;
#1149 = DIRECTION ( 'NONE',  ( 0.000000000000000000, 1.000000000000000000, 0.000000000000000000 ) ) ;
#1150 = EDGE_LOOP ( 'NONE', ( #565, #1738, #1925, #344 ) ) ;
#1151 = CARTESIAN_POINT ( 'NONE',  ( -3.122595204330516647E-21, -0.3740224819584790361, -2.302839090801215516 ) ) ;
#1152 = ORIENTED_EDGE ( 'NONE', *, *, #849, .F. ) ;
#1153 = ORIENTED_EDGE ( 'NONE', *, *, #1003, .F. ) ;
#1154 = ORIENTED_EDGE ( 'NONE', *, *, #1977, .T. ) ;
#1155 = DIRECTION ( 'NONE',  ( -1.000000000000000000, 0.000000000000000000, -0.000000000000000000 ) ) ;
#1156 = ORIENTED_EDGE ( 'NONE', *, *, #898, .F. ) ;
#1157 = DIRECTION ( 'NONE',  ( 0.000000000000000000, 1.000000000000000000, -2.220446049250313081E-16 ) ) ;
#1158 = CARTESIAN_POINT ( 'NONE',  ( 0.8125000000000000000, 0.3974311839712922345, -2.896589090801215072 ) ) ;
#1159 = LINE ( 'NONE', #713, #1251 ) ;
#1160 = ORIENTED_EDGE ( 'NONE', *, *, #1111, .F. ) ;
#1161 = CARTESIAN_POINT ( 'NONE',  ( 0.1160421742291434383, -0.3228572802347375315, -2.335851970137307720 ) ) ;
#1162 = AXIS2_PLACEMENT_3D ( 'NONE', #535, #33, #43 ) ;
#1163 = VERTEX_POINT ( 'NONE', #1458 ) ;
#1164 = CARTESIAN_POINT ( 'NONE',  ( -2.028352487190467015E-16, -0.3740224819584799243, -0.8653390908012161820 ) ) ;
#1165 = VERTEX_POINT ( 'NONE', #1331 ) ;
#1166 = CARTESIAN_POINT ( 'NONE',  ( 0.000000000000000000, 0.2724311839712926231, -2.521589090801215960 ) ) ;
#1167 = AXIS2_PLACEMENT_3D ( 'NONE', #792, #169, #313 ) ;
#1168 = B_SPLINE_CURVE_WITH_KNOTS ( 'NONE', 3,
 ( #1015, #524, #1949, #1939, #232, #1001, #858, #1478, #843, #1173, #1461, #69, #408, #264, #73, #1646 ),
 .UNSPECIFIED., .F., .F.,
 ( 4, 2, 2, 2, 2, 2, 2, 4 ),
 ( 0.01109880871957125495, 0.01317208707090334989, 0.01420872624656939476, 0.01524536542223544136, 0.01628200459790148796, 0.01731864377356753457, 0.01835528294923358117, 0.01939192212489962777 ),
 .UNSPECIFIED. ) ;
#1169 = EDGE_LOOP ( 'NONE', ( #198, #245 ) ) ;
#1170 = DIRECTION ( 'NONE',  ( -0.000000000000000000, -1.000000000000000000, 7.216449660063517513E-16 ) ) ;
#1171 = DIRECTION ( 'NONE',  ( 0.000000000000000000, 2.220446049250313081E-16, 1.000000000000000000 ) ) ;
#1172 = ORIENTED_EDGE ( 'NONE', *, *, #1684, .T. ) ;
#1173 = CARTESIAN_POINT ( 'NONE',  ( 0.09937025119820565300, -0.3383358969565656293, -0.8417615435267484791 ) ) ;
#1174 = CARTESIAN_POINT ( 'NONE',  ( 0.8125000000000000000, 0.1474311839712920680, -0.7093766569204309480 ) ) ;
#1175 = CARTESIAN_POINT ( 'NONE',  ( -1.077665042944955465, 0.5944779855196418161, 0.2492972936451233468 ) ) ;
#1176 = VERTEX_POINT ( 'NONE', #1945 ) ;
#1177 = CIRCLE ( 'NONE', #720, 0.8750000000000002220 ) ;
#1178 = FACE_OUTER_BOUND ( 'NONE', #1338, .T. ) ;
#1179 = ADVANCED_FACE ( 'NONE', ( #986, #1284 ), #521, .T. ) ;
#1180 = ORIENTED_EDGE ( 'NONE', *, *, #1884, .T. ) ;
#1181 = CARTESIAN_POINT ( 'NONE',  ( -2.296212748401286986E-16, 1.441941738241593551, -0.6465890908012160709 ) ) ;
#1182 = FACE_OUTER_BOUND ( 'NONE', #1940, .T. ) ;
#1183 = CARTESIAN_POINT ( 'NONE',  ( -0.8125000000000000000, 0.3974311839712922345, -2.896589090801215072 ) ) ;
#1184 = DIRECTION ( 'NONE',  ( 0.000000000000000000, -0.3255681544571604191, 0.9455185755993157359 ) ) ;
#1185 = ORIENTED_EDGE ( 'NONE', *, *, #824, .F. ) ;
#1186 = CYLINDRICAL_SURFACE ( 'NONE', #1753, 0.1250000000000000278 ) ;
#1187 = CIRCLE ( 'NONE', #295, 0.1562500000000000278 ) ;
#1188 = ORIENTED_EDGE ( 'NONE', *, *, #777, .F. ) ;
#1189 = CARTESIAN_POINT ( 'NONE',  ( 0.8125000000000000000, 1.000000000000000222, 1.046485494235588343 ) ) ;
#1190 = VECTOR ( 'NONE', #1816, 39.37007874015748143 ) ;
#1191 = DIRECTION ( 'NONE',  ( 0.000000000000000000, 0.000000000000000000, 1.000000000000000000 ) ) ;
#1192 = FACE_OUTER_BOUND ( 'NONE', #62, .T. ) ;
#1193 = CYLINDRICAL_SURFACE ( 'NONE', #285, 0.6250000000000003331 ) ;
#1194 = DATE_TIME_ROLE ( 'creation_date' ) ;
#1195 = EDGE_CURVE ( 'NONE', #1109, #37, #1057, .T. ) ;
#1196 = ORIENTED_EDGE ( 'NONE', *, *, #766, .F. ) ;
#1197 = CIRCLE ( 'NONE', #309, 0.1562500000000002776 ) ;
#1198 = EDGE_CURVE ( 'NONE', #1325, #999, #1639, .T. ) ;
#1199 = CARTESIAN_POINT ( 'NONE',  ( -0.03353532964885644341, -0.3704256477631029387, -2.305326156712254271 ) ) ;
#1200 = LINE ( 'NONE', #1183, #248 ) ;
#1201 = FACE_OUTER_BOUND ( 'NONE', #1691, .T. ) ;
#1202 = DIRECTION ( 'NONE',  ( 0.000000000000000000, 1.000000000000000000, 0.000000000000000000 ) ) ;
#1203 = LINE ( 'NONE', #874, #1891 ) ;
#1204 = EDGE_CURVE ( 'NONE', #600, #1904, #507, .T. ) ;
#1205 = AXIS2_PLACEMENT_3D ( 'NONE', #1476, #1640, #240 ) ;
#1206 = ADVANCED_FACE ( 'NONE', ( #1445 ), #54, .F. ) ;
#1207 = CARTESIAN_POINT ( 'NONE',  ( -0.8125000000000000000, 0.3974311839712922900, -0.2715890908012159044 ) ) ;
#1208 = VECTOR ( 'NONE', #1375, 39.37007874015748143 ) ;
#1209 = AXIS2_PLACEMENT_3D ( 'NONE', #505, #1624, #39 ) ;
#1210 = CIRCLE ( 'NONE', #1299, 0.1562500000000002776 ) ;
#1211 = PLANE ( 'NONE',  #663 ) ;
#1212 = DIRECTION ( 'NONE',  ( 1.000000000000000000, 0.000000000000000000, 0.000000000000000000 ) ) ;
#1213 = AXIS2_PLACEMENT_3D ( 'NONE', #239, #390, #560 ) ;
#1214 = FACE_OUTER_BOUND ( 'NONE', #1947, .T. ) ;
#1215 = PERSON_AND_ORGANIZATION ( #956, #485 ) ;
#1216 = PRODUCT_RELATED_PRODUCT_CATEGORY ( 'detail', '', ( #1555 ) ) ;
#1217 = CARTESIAN_POINT ( 'NONE',  ( -0.1755587303956755441, -0.2158761776360852980, -2.390357652407530509 ) ) ;
#1218 = CARTESIAN_POINT ( 'NONE',  ( 0.000000000000000000, 1.441941738241592885, -2.677839090801216848 ) ) ;
#1219 = CARTESIAN_POINT ( 'NONE',  ( -0.1249999999999999306, 0.9375000000000003331, -0.08934507281731245143 ) ) ;
#1220 = LINE ( 'NONE', #612, #1364 ) ;
#1221 = CALENDAR_DATE ( 2025, 3, 9 ) ;
#1222 = DIRECTION ( 'NONE',  ( 0.000000000000000000, 0.3255681544571604746, -0.9455185755993155139 ) ) ;
#1223 = LINE ( 'NONE', #1218, #126 ) ;
#1224 = DIRECTION ( 'NONE',  ( 0.000000000000000000, -1.000000000000000000, 3.330669073875468635E-16 ) ) ;
#1225 = DIRECTION ( 'NONE',  ( 0.000000000000000000, 6.106226635438360972E-16, -1.000000000000000000 ) ) ;
#1226 = DIRECTION ( 'NONE',  ( 0.000000000000000000, 0.3255681544571604746, -0.9455185755993155139 ) ) ;
#1227 = ORIENTED_EDGE ( 'NONE', *, *, #1240, .T. ) ;
#1228 = FACE_OUTER_BOUND ( 'NONE', #527, .T. ) ;
#1229 = AXIS2_PLACEMENT_3D ( 'NONE', #1649, #1497, #1832 ) ;
#1230 = CARTESIAN_POINT ( 'NONE',  ( 0.8125000000000000000, 0.1249999999999998335, -1.584089090801215516 ) ) ;
#1231 = CARTESIAN_POINT ( 'NONE',  ( 1.913510623667740388E-17, 1.441941738241592885, -2.365339090801216404 ) ) ;
#1232 = CARTESIAN_POINT ( 'NONE',  ( -2.296212748401286986E-16, 0.1474311839712920402, -0.4278390908012155713 ) ) ;
#1233 = VECTOR ( 'NONE', #1899, 39.37007874015748854 ) ;
#1234 = EDGE_CURVE ( 'NONE', #1610, #494, #1138, .T. ) ;
#1235 = CARTESIAN_POINT ( 'NONE',  ( 6.858022075225177566E-17, 1.000000000000000222, 0.4542179127710520015 ) ) ;
#1236 = PERSON_AND_ORGANIZATION_ROLE ( 'design_supplier' ) ;
#1237 = ORIENTED_EDGE ( 'NONE', *, *, #1522, .T. ) ;
#1238 = ORIENTED_EDGE ( 'NONE', *, *, #1763, .F. ) ;
#1239 = FACE_BOUND ( 'NONE', #1906, .T. ) ;
#1240 = EDGE_CURVE ( 'NONE', #657, #1943, #1408, .T. ) ;
#1241 = CARTESIAN_POINT ( 'NONE',  ( -0.8100925873009824363, 1.000000000000000222, 1.112586786809755646 ) ) ;
#1242 = EDGE_CURVE ( 'NONE', #494, #1610, #1210, .T. ) ;
#1243 = PLANE ( 'NONE',  #756 ) ;
#1244 = DIRECTION ( 'NONE',  ( 0.000000000000000000, 0.3255681544571603636, -0.9455185755993154029 ) ) ;
#1245 = ORIENTED_EDGE ( 'NONE', *, *, #1864, .F. ) ;
#1246 = EDGE_CURVE ( 'NONE', #1260, #359, #1380, .T. ) ;
#1247 = CARTESIAN_POINT ( 'NONE',  ( 0.1620544807439918689, -0.2505671210817075889, -2.374490883271990427 ) ) ;
#1248 = ORIENTED_EDGE ( 'NONE', *, *, #1293, .T. ) ;
#1249 = VERTEX_POINT ( 'NONE', #769 ) ;
#1250 = CARTESIAN_POINT ( 'NONE',  ( 0.8125000000000000000, -0.1598721351500156374, -0.7567603371518142330 ) ) ;
#1251 = VECTOR ( 'NONE', #403, 39.37007874015748143 ) ;
#1252 = CARTESIAN_POINT ( 'NONE',  ( 0.8125000000000000000, 0.6250000000000005551, 0.1606549271826875347 ) ) ;
#1253 = ADVANCED_FACE ( 'NONE', ( #1851 ), #1530, .F. ) ;
#1254 = CIRCLE ( 'NONE', #1520, 0.1562500000000002776 ) ;
#1255 = FACE_OUTER_BOUND ( 'NONE', #968, .T. ) ;
#1256 = ORIENTED_EDGE ( 'NONE', *, *, #273, .F. ) ;
#1257 = EDGE_CURVE ( 'NONE', #868, #653, #1524, .T. ) ;
#1258 = DIRECTION ( 'NONE',  ( 0.000000000000000000, -1.000000000000000000, -3.330669073875469621E-16 ) ) ;
#1259 = DIRECTION ( 'NONE',  ( 0.000000000000000000, 0.000000000000000000, -1.000000000000000000 ) ) ;
#1260 = VERTEX_POINT ( 'NONE', #1219 ) ;
#1261 = LINE ( 'NONE', #1886, #1094 ) ;
#1262 = CARTESIAN_POINT ( 'NONE',  ( -1.077665042944955465, 0.6555220144803594051, 0.07201256072025172261 ) ) ;
#1263 = EDGE_CURVE ( 'NONE', #1883, #1128, #131, .T. ) ;
#1264 = DIRECTION ( 'NONE',  ( 1.000000000000000000, 0.000000000000000000, 0.000000000000000000 ) ) ;
#1265 = EDGE_LOOP ( 'NONE', ( #372, #872, #468 ) ) ;
#1266 = CARTESIAN_POINT ( 'NONE',  ( 0.2095454223809844752, 0.1474311839712914851, -2.458801524682000750 ) ) ;
#1267 = ORIENTED_EDGE ( 'NONE', *, *, #477, .F. ) ;
#1268 = ORIENTED_EDGE ( 'NONE', *, *, #1293, .F. ) ;
#1269 = LOCAL_TIME ( 15, 46, 55.00000000000000000, #891 ) ;
#1270 = EDGE_LOOP ( 'NONE', ( #1105, #1799 ) ) ;
#1271 = CARTESIAN_POINT ( 'NONE',  ( 0.2095454223809846972, 0.1474311839712919014, -0.7093766569204307260 ) ) ;
#1272 = DIRECTION ( 'NONE',  ( 0.000000000000000000, -2.731847993664263218E-16, -1.000000000000000000 ) ) ;
#1273 = VECTOR ( 'NONE', #383, 39.37007874015748143 ) ;
#1274 = CARTESIAN_POINT ( 'NONE',  ( -0.8125000000000000000, 0.1249999999999998335, -1.584089090801215516 ) ) ;
#1275 = VERTEX_POINT ( 'NONE', #749 ) ;
#1276 = EDGE_CURVE ( 'NONE', #1091, #1021, #1097, .T. ) ;
#1277 = CARTESIAN_POINT ( 'NONE',  ( 0.2045892867593774866, -0.03884310121812423883, -2.444033552166277712 ) ) ;
#1278 = ORIENTED_EDGE ( 'NONE', *, *, #179, .F. ) ;
#1279 = ORIENTED_EDGE ( 'NONE', *, *, #783, .T. ) ;
#1280 = ORIENTED_EDGE ( 'NONE', *, *, #617, .F. ) ;
#1281 = DIRECTION ( 'NONE',  ( -0.000000000000000000, 1.000000000000000000, -2.220446049250313081E-16 ) ) ;
#1282 = VECTOR ( 'NONE', #1518, 39.37007874015748143 ) ;
#1283 = CARTESIAN_POINT ( 'NONE',  ( 1.010841839338854520, 0.1474311839712924010, 0.3901371790056346045 ) ) ;
#1284 = FACE_OUTER_BOUND ( 'NONE', #1915, .T. ) ;
#1285 = CARTESIAN_POINT ( 'NONE',  ( -0.1249999999999999861, 0.8658431374571089467, 0.4229672670851047922 ) ) ;
#1286 = ORIENTED_EDGE ( 'NONE', *, *, #1635, .T. ) ;
#1287 = VECTOR ( 'NONE', #640, 39.37007874015748143 ) ;
#1288 = CYLINDRICAL_SURFACE ( 'NONE', #1108, 0.6250000000000003331 ) ;
#1289 = ORIENTED_EDGE ( 'NONE', *, *, #526, .T. ) ;
#1290 = EDGE_LOOP ( 'NONE', ( #1040, #1280, #706, #2011, #332, #1952 ) ) ;
#1291 = ORIENTED_EDGE ( 'NONE', *, *, #14, .T. ) ;
#1292 = CARTESIAN_POINT ( 'NONE',  ( 0.5625000000000000000, 0.5741299758660691754, 0.3083922046200806566 ) ) ;
#1293 = EDGE_CURVE ( 'NONE', #50, #1006, #1388, .T. ) ;
#1294 = DIRECTION ( 'NONE',  ( 0.000000000000000000, 0.3255681544571603636, -0.9455185755993155139 ) ) ;
#1295 = DIRECTION ( 'NONE',  ( 0.000000000000000000, -1.000000000000000000, 2.220446049250313574E-16 ) ) ;
#1296 = DIRECTION ( 'NONE',  ( 0.000000000000000000, 0.000000000000000000, -1.000000000000000000 ) ) ;
#1297 = ORIENTED_EDGE ( 'NONE', *, *, #1047, .T. ) ;
#1298 = CARTESIAN_POINT ( 'NONE',  ( 0.8125000000000000000, 0.1474311839712923455, -0.2715890908012159599 ) ) ;
#1299 = AXIS2_PLACEMENT_3D ( 'NONE', #152, #939, #1695 ) ;
#1300 = ADVANCED_FACE ( 'NONE', ( #611, #1994 ), #1871, .T. ) ;
#1301 = VERTEX_POINT ( 'NONE', #141 ) ;
#1302 = ORIENTED_EDGE ( 'NONE', *, *, #590, .F. ) ;
#1303 = ORIENTED_EDGE ( 'NONE', *, *, #1246, .T. ) ;
#1304 = VERTEX_POINT ( 'NONE', #1232 ) ;
#1305 = DIRECTION ( 'NONE',  ( -1.000000000000000000, 0.000000000000000000, -0.000000000000000000 ) ) ;
#1306 = ADVANCED_FACE ( 'NONE', ( #1862, #1086 ), #306, .T. ) ;
#1307 = AXIS2_PLACEMENT_3D ( 'NONE', #1751, #351, #823 ) ;
#1308 = CARTESIAN_POINT ( 'NONE',  ( -2.296212748401286986E-16, 0.2724311839712930117, -0.6465890908012159599 ) ) ;
#1309 = FACE_OUTER_BOUND ( 'NONE', #461, .T. ) ;
#1310 = ORIENTED_EDGE ( 'NONE', *, *, #1355, .T. ) ;
#1311 = DIRECTION ( 'NONE',  ( 0.000000000000000000, 0.000000000000000000, 1.000000000000000000 ) ) ;
#1312 = ADVANCED_FACE ( 'NONE', ( #1255 ), #1880, .F. ) ;
#1313 = ORIENTED_EDGE ( 'NONE', *, *, #1234, .T. ) ;
#1314 = CARTESIAN_POINT ( 'NONE',  ( 6.090853701188582380E-17, 1.790569415042095214, -0.2143450728173127706 ) ) ;
#1315 = ORIENTED_EDGE ( 'NONE', *, *, #806, .F. ) ;
#1316 = DIRECTION ( 'NONE',  ( 0.000000000000000000, -1.000000000000000000, 1.332267629550188243E-15 ) ) ;
#1317 = EDGE_LOOP ( 'NONE', ( #1180, #1761, #1547, #1621 ) ) ;
#1318 = CARTESIAN_POINT ( 'NONE',  ( -2.104861686034512824E-16, 0.8750000000000002220, -0.4903390908012157379 ) ) ;
#1319 = CARTESIAN_POINT ( 'NONE',  ( 0.8125000000000000000, 0.1249999999999998335, -1.584089090801215516 ) ) ;
#1320 = ORIENTED_EDGE ( 'NONE', *, *, #113, .T. ) ;
#1321 = DIRECTION ( 'NONE',  ( -0.000000000000000000, -1.000000000000000000, -0.000000000000000000 ) ) ;
#1322 = CARTESIAN_POINT ( 'NONE',  ( 0.000000000000000000, 1.441941738241592885, -2.677839090801216848 ) ) ;
#1323 = DIRECTION ( 'NONE',  ( 1.000000000000000000, 0.000000000000000000, 0.000000000000000000 ) ) ;
#1324 = EDGE_CURVE ( 'NONE', #1128, #71, #589, .T. ) ;
#1325 = VERTEX_POINT ( 'NONE', #827 ) ;
#1326 = CARTESIAN_POINT ( 'NONE',  ( 0.8125000000000000000, 1.000000000000000222, 1.046485494235588787 ) ) ;
#1327 = FACE_OUTER_BOUND ( 'NONE', #1710, .T. ) ;
#1328 = CIRCLE ( 'NONE', #1546, 0.1562500000000002776 ) ;
#1329 = ORIENTED_EDGE ( 'NONE', *, *, #1869, .F. ) ;
#1330 = APPLICATION_CONTEXT ( 'configuration controlled 3d designs of mechanical parts and assemblies' ) ;
#1331 = CARTESIAN_POINT ( 'NONE',  ( 0.000000000000000000, 0.3974311839712924566, -2.677839090801215960 ) ) ;
#1332 = PLANE ( 'NONE',  #1205 ) ;
#1333 = FACE_OUTER_BOUND ( 'NONE', #1848, .T. ) ;
#1334 = PLANE ( 'NONE',  #547 ) ;
#1335 = ORIENTED_EDGE ( 'NONE', *, *, #1084, .T. ) ;
#1336 = CARTESIAN_POINT ( 'NONE',  ( -2.296212748401286986E-16, 0.2724311839712929006, -0.6465890908012157379 ) ) ;
#1337 =( LENGTH_UNIT ( ) NAMED_UNIT ( * ) SI_UNIT ( $, .METRE. ) );
#1338 = EDGE_LOOP ( 'NONE', ( #1335, #1140, #1732, #1286, #846, #1748, #1962, #842, #237, #828, #1584 ) ) ;
#1339 = VECTOR ( 'NONE', #277, 39.37007874015748143 ) ;
#1340 = CARTESIAN_POINT ( 'NONE',  ( -0.01345597769789072702, -0.3735762764860928176, -2.303149510643411002 ) ) ;
#1341 = CARTESIAN_POINT ( 'NONE',  ( -0.2096005835305960741, 0.09485919762478869921, -0.7092170014928155242 ) ) ;
#1342 = DIRECTION ( 'NONE',  ( 0.000000000000000000, -1.000000000000000000, 2.775557561562890858E-16 ) ) ;
#1343 = EDGE_CURVE ( 'NONE', #375, #321, #1050, .T. ) ;
#1344 = FACE_OUTER_BOUND ( 'NONE', #1131, .T. ) ;
#1345 = EDGE_CURVE ( 'NONE', #194, #1021, #684, .T. ) ;
#1346 = PERSON_AND_ORGANIZATION ( #956, #485 ) ;
#1347 = VECTOR ( 'NONE', #1155, 39.37007874015748143 ) ;
#1348 = ORIENTED_EDGE ( 'NONE', *, *, #142, .F. ) ;
#1349 = DIRECTION ( 'NONE',  ( -1.000000000000000000, 0.000000000000000000, -0.000000000000000000 ) ) ;
#1350 = CARTESIAN_POINT ( 'NONE',  ( -0.2029581743188334508, -0.06001109878338965753, -0.7284787432396435669 ) ) ;
#1351 = LINE ( 'NONE', #879, #439 ) ;
#1352 = ADVANCED_FACE ( 'NONE', ( #1309 ), #1135, .F. ) ;
#1353 = DIRECTION ( 'NONE',  ( 0.000000000000000000, -1.000000000000000000, 6.661338147750939243E-16 ) ) ;
#1354 = CARTESIAN_POINT ( 'NONE',  ( -0.1250000000000000833, 1.790569415042095214, 0.4106549271826872016 ) ) ;
#1355 = EDGE_CURVE ( 'NONE', #1586, #643, #1115, .T. ) ;
#1356 = CARTESIAN_POINT ( 'NONE',  ( -0.07068266249584986838, -0.3568274414735248534, -2.314487451941193541 ) ) ;
#1357 = DIRECTION ( 'NONE',  ( 1.000000000000000000, 0.000000000000000000, 0.000000000000000000 ) ) ;
#1358 = DIRECTION ( 'NONE',  ( -0.000000000000000000, -1.000000000000000000, -0.000000000000000000 ) ) ;
#1359 = CARTESIAN_POINT ( 'NONE',  ( -0.8125000000000000000, 0.1474311839712923455, -0.2715890908012159599 ) ) ;
#1360 = CC_DESIGN_PERSON_AND_ORGANIZATION_ASSIGNMENT ( #914, #598, ( #1666 ) ) ;
#1361 = CARTESIAN_POINT ( 'NONE',  ( -0.8125000000000000000, 0.1474311839712910688, -2.896589090801215072 ) ) ;
#1362 = AXIS2_PLACEMENT_3D ( 'NONE', #915, #319, #946 ) ;
#1363 = CARTESIAN_POINT ( 'NONE',  ( -0.1822207846984088275, -0.1918549830301206627, -2.400129655178798949 ) ) ;
#1364 = VECTOR ( 'NONE', #440, 39.37007874015748143 ) ;
#1365 = DIRECTION ( 'NONE',  ( 0.000000000000000000, 0.9455185755993155139, 0.3255681544571604191 ) ) ;
#1366 = DIRECTION ( 'NONE',  ( 0.000000000000000000, 4.370956789862813261E-16, -1.000000000000000000 ) ) ;
#1367 = CYLINDRICAL_SURFACE ( 'NONE', #945, 0.2187499999999999722 ) ;
#1368 = DATE_AND_TIME ( #144, #782 ) ;
#1369 = AXIS2_PLACEMENT_3D ( 'NONE', #1574, #46, #206 ) ;
#1370 = AXIS2_PLACEMENT_3D ( 'NONE', #293, #929, #1 ) ;
#1371 = CARTESIAN_POINT ( 'NONE',  ( -0.8125000000000000000, 0.1249999999999998335, -1.584089090801215516 ) ) ;
#1372 = CARTESIAN_POINT ( 'NONE',  ( 0.000000000000000000, 0.1474311839712924010, 1.345190090111760606 ) ) ;
#1373 = CARTESIAN_POINT ( 'NONE',  ( -0.1773244105452972397, -0.2102132297045409548, -0.7754276958423026445 ) ) ;
#1374 = AXIS2_PLACEMENT_3D ( 'NONE', #903, #579, #1061 ) ;
#1375 = DIRECTION ( 'NONE',  ( -3.073328992872295381E-16, 0.000000000000000000, 1.000000000000000000 ) ) ;
#1376 = CARTESIAN_POINT ( 'NONE',  ( 0.8125000000000000000, -0.1598721351500156374, -0.7567603371518142330 ) ) ;
#1377 = FACE_OUTER_BOUND ( 'NONE', #231, .T. ) ;
#1378 = LINE ( 'NONE', #1262, #1504 ) ;
#1379 = CYLINDRICAL_SURFACE ( 'NONE', #942, 0.8125000000000001110 ) ;
#1380 = LINE ( 'NONE', #1068, #422 ) ;
#1381 = PLANE ( 'NONE',  #1813 ) ;
#1382 = PRODUCT_DEFINITION_SHAPE ( 'NONE', 'NONE',  #893 ) ;
#1383 = APPROVAL_DATE_TIME ( #297, #1792 ) ;
#1384 = EDGE_CURVE ( 'NONE', #504, #1447, #709, .T. ) ;
#1385 = ORIENTED_EDGE ( 'NONE', *, *, #1242, .F. ) ;
#1386 = ORIENTED_EDGE ( 'NONE', *, *, #1658, .T. ) ;
#1387 = FACE_BOUND ( 'NONE', #1582, .T. ) ;
#1388 = CIRCLE ( 'NONE', #516, 0.1562500000000002776 ) ;
#1389 = CARTESIAN_POINT ( 'NONE',  ( -0.1964291762077191583, -0.1164399973356685936, -2.425224718937377677 ) ) ;
#1390 = ADVANCED_FACE ( 'NONE', ( #664 ), #687, .F. ) ;
#1391 = DIRECTION ( 'NONE',  ( 0.000000000000000000, 0.3255681544571605857, -0.9455185755993154029 ) ) ;
#1392 = CARTESIAN_POINT ( 'NONE',  ( -0.006896327271834487918, -0.3740224819584800908, -0.8653390908012159599 ) ) ;
#1393 = VERTEX_POINT ( 'NONE', #356 ) ;
#1394 = AXIS2_PLACEMENT_3D ( 'NONE', #1230, #641, #1868 ) ;
#1395 = CC_DESIGN_APPROVAL ( #1792, ( #353 ) ) ;
#1396 = CARTESIAN_POINT ( 'NONE',  ( 0.000000000000000000, 1.441941738241592885, -2.521589090801216404 ) ) ;
#1397 =( BOUNDED_CURVE ( )  B_SPLINE_CURVE ( 3, ( #927, #1283, #839, #506 ),
 .UNSPECIFIED., .F., .F. ) 
 B_SPLINE_CURVE_WITH_KNOTS ( ( 4, 4 ),
 ( 3.366703369226450970, 6.283185307179586232 ),
 .UNSPECIFIED. ) 
 CURVE ( )  GEOMETRIC_REPRESENTATION_ITEM ( )  RATIONAL_B_SPLINE_CURVE ( ( 1.000000000000000000, 0.4082119020940228049, 0.4082119020940228049, 1.000000000000000000 ) ) 
 REPRESENTATION_ITEM ( '' )  );
#1398 = VECTOR ( 'NONE', #1133, 39.37007874015748143 ) ;
#1399 = EDGE_CURVE ( 'NONE', #716, #504, #1912, .T. ) ;
#1400 = VERTEX_POINT ( 'NONE', #1744 ) ;
#1401 = DIRECTION ( 'NONE',  ( 0.000000000000000000, 0.3255681544571603636, -0.9455185755993154029 ) ) ;
#1402 = DIRECTION ( 'NONE',  ( 0.000000000000000000, 0.3255681544571605301, -0.9455185755993154029 ) ) ;
#1403 = DIRECTION ( 'NONE',  ( 0.000000000000000000, 9.436895709313830594E-16, 1.000000000000000000 ) ) ;
#1404 = VERTEX_POINT ( 'NONE', #1614 ) ;
#1405 = DIRECTION ( 'NONE',  ( 0.000000000000000000, -0.3255681544571604191, 0.9455185755993155139 ) ) ;
#1406 = EDGE_CURVE ( 'NONE', #969, #1791, #1446, .T. ) ;
#1407 = CARTESIAN_POINT ( 'NONE',  ( 0.8125000000000000000, 0.1474311839712923455, -0.2715890908012159599 ) ) ;
#1408 = B_SPLINE_CURVE_WITH_KNOTS ( 'NONE', 3,
 ( #280, #1392, #912, #467, #1561, #1715, #124, #2, #1687, #164, #315, #456, #1540, #596, #904, #1373, #1551, #438 ),
 .UNSPECIFIED., .F., .F.,
 ( 4, 2, 2, 2, 2, 2, 2, 2, 4 ),
 ( 0.01939192212489962777, 0.01991129220567093919, 0.02043066228644225407, 0.02095003236721356549, 0.02146940244798487690, 0.02250814260952750320, 0.02354688277107013297, 0.02562436309415538904, 0.02770184341724064858 ),
 .UNSPECIFIED. ) ;
#1409 = ORIENTED_EDGE ( 'NONE', *, *, #1043, .F. ) ;
#1410 = CARTESIAN_POINT ( 'NONE',  ( 0.8125000000000000000, 0.3974311839712934558, -1.021589090801216182 ) ) ;
#1411 = EDGE_CURVE ( 'NONE', #1795, #197, #1124, .T. ) ;
#1412 = CIRCLE ( 'NONE', #1065, 0.09374999999999998612 ) ;
#1413 = CARTESIAN_POINT ( 'NONE',  ( 0.000000000000000000, 0.2724311839712926231, -2.521589090801215960 ) ) ;
#1414 = CIRCLE ( 'NONE', #1683, 0.2187499999999999722 ) ;
#1415 = DIRECTION ( 'NONE',  ( 0.000000000000000000, 0.000000000000000000, -1.000000000000000000 ) ) ;
#1416 = ORIENTED_EDGE ( 'NONE', *, *, #304, .T. ) ;
#1417 = CARTESIAN_POINT ( 'NONE',  ( 0.8125000000000000000, 0.1249999999999998335, -1.584089090801215516 ) ) ;
#1418 = ORIENTED_EDGE ( 'NONE', *, *, #783, .F. ) ;
#1419 = ORIENTED_EDGE ( 'NONE', *, *, #777, .T. ) ;
#1420 = CC_DESIGN_PERSON_AND_ORGANIZATION_ASSIGNMENT ( #1346, #1973, ( #893 ) ) ;
#1421 = ORIENTED_EDGE ( 'NONE', *, *, #1599, .T. ) ;
#1422 = DIRECTION ( 'NONE',  ( 0.000000000000000000, -1.000000000000000000, 2.220446049250313081E-16 ) ) ;
#1423 = DIRECTION ( 'NONE',  ( 1.000000000000000000, 0.000000000000000000, 0.000000000000000000 ) ) ;
#1424 = AXIS2_PLACEMENT_3D ( 'NONE', #1527, #1685, #731 ) ;
#1425 = DIRECTION ( 'NONE',  ( 0.000000000000000000, 0.000000000000000000, 1.000000000000000000 ) ) ;
#1426 = ORIENTED_EDGE ( 'NONE', *, *, #697, .F. ) ;
#1427 = DIRECTION ( 'NONE',  ( 0.000000000000000000, 0.9455185755993154029, 0.3255681544571603636 ) ) ;
#1428 = ORIENTED_EDGE ( 'NONE', *, *, #149, .T. ) ;
#1429 = ORIENTED_EDGE ( 'NONE', *, *, #1824, .T. ) ;
#1430 = ORIENTED_EDGE ( 'NONE', *, *, #423, .F. ) ;
#1431 = CARTESIAN_POINT ( 'NONE',  ( 0.1889811074619783260, -0.1598721351500156374, -0.7567603371518142330 ) ) ;
#1432 = CARTESIAN_POINT ( 'NONE',  ( -0.8125000000000000000, 0.1474311839712913463, -2.458801524682000750 ) ) ;
#1433 = AXIS2_PLACEMENT_3D ( 'NONE', #1634, #1353, #235 ) ;
#1434 = CARTESIAN_POINT ( 'NONE',  ( 6.858022075225177566E-17, 0.9375000000000005551, 0.4326974369404478216 ) ) ;
#1435 = CARTESIAN_POINT ( 'NONE',  ( 0.000000000000000000, 0.8380298431575629037, 1.582982278170415036 ) ) ;
#1436 = ORIENTED_EDGE ( 'NONE', *, *, #737, .F. ) ;
#1437 = DIRECTION ( 'NONE',  ( -1.000000000000000000, 0.000000000000000000, -0.000000000000000000 ) ) ;
#1438 = EDGE_CURVE ( 'NONE', #321, #375, #1412, .T. ) ;
#1439 = VERTEX_POINT ( 'NONE', #522 ) ;
#1440 = VERTEX_POINT ( 'NONE', #499 ) ;
#1441 = ORIENTED_EDGE ( 'NONE', *, *, #1703, .F. ) ;
#1442 = CARTESIAN_POINT ( 'NONE',  ( -0.1249999999999999029, 0.6250000000000005551, 0.1606549271826875347 ) ) ;
#1443 = CARTESIAN_POINT ( 'NONE',  ( -0.8125000000000000000, 0.1249999999999998335, -1.584089090801215516 ) ) ;
#1444 = EDGE_CURVE ( 'NONE', #882, #1080, #1680, .T. ) ;
#1445 = FACE_OUTER_BOUND ( 'NONE', #1619, .T. ) ;
#1446 = LINE ( 'NONE', #1924, #633 ) ;
#1447 = VERTEX_POINT ( 'NONE', #343 ) ;
#1448 = AXIS2_PLACEMENT_3D ( 'NONE', #1782, #1342, #1672 ) ;
#1449 = LINE ( 'NONE', #1298, #1273 ) ;
#1450 = VERTEX_POINT ( 'NONE', #804 ) ;
#1451 = ORIENTED_EDGE ( 'NONE', *, *, #632, .T. ) ;
#1452 = EDGE_LOOP ( 'NONE', ( #36, #679, #1563, #618, #1196 ) ) ;
#1453 = ORIENTED_EDGE ( 'NONE', *, *, #155, .F. ) ;
#1454 = CARTESIAN_POINT ( 'NONE',  ( -2.296212748401286986E-16, 0.3974311839712931782, -0.8028390908012160709 ) ) ;
#1455 = EDGE_CURVE ( 'NONE', #1890, #307, #1944, .T. ) ;
#1456 = EDGE_CURVE ( 'NONE', #1136, #1301, #16, .T. ) ;
#1457 = EDGE_CURVE ( 'NONE', #702, #1773, #366, .T. ) ;
#1458 = CARTESIAN_POINT ( 'NONE',  ( 6.090853701188582380E-17, 0.9375000000000004441, -0.2143450728173124931 ) ) ;
#1459 = FACE_OUTER_BOUND ( 'NONE', #809, .T. ) ;
#1460 = ORIENTED_EDGE ( 'NONE', *, *, #1933, .F. ) ;
#1461 = CARTESIAN_POINT ( 'NONE',  ( 0.08902714280343333730, -0.3462189813161569152, -0.8467698184008263240 ) ) ;
#1462 = VECTOR ( 'NONE', #934, 39.37007874015748143 ) ;
#1463 = ORIENTED_EDGE ( 'NONE', *, *, #1257, .F. ) ;
#1464 = ORIENTED_EDGE ( 'NONE', *, *, #1195, .T. ) ;
#1465 = ORIENTED_EDGE ( 'NONE', *, *, #599, .T. ) ;
#1466 = CARTESIAN_POINT ( 'NONE',  ( 0.000000000000000000, -1.419355173341318110, 0.2134347016989573964 ) ) ;
#1467 = VERTEX_POINT ( 'NONE', #1435 ) ;
#1468 = DIRECTION ( 'NONE',  ( 0.000000000000000000, 7.024751983708107391E-16, 1.000000000000000000 ) ) ;
#1469 = AXIS2_PLACEMENT_3D ( 'NONE', #1708, #282, #905 ) ;
#1470 = VERTEX_POINT ( 'NONE', #998 ) ;
#1471 = VECTOR ( 'NONE', #1911, 39.37007874015748143 ) ;
#1472 =( BOUNDED_CURVE ( )  B_SPLINE_CURVE ( 3, ( #1793, #1957, #662, #534 ),
 .UNSPECIFIED., .F., .F. ) 
 B_SPLINE_CURVE_WITH_KNOTS ( ( 4, 4 ),
 ( 1.458956176189619258, 3.141592653589793116 ),
 .UNSPECIFIED. ) 
 CURVE ( )  GEOMETRIC_REPRESENTATION_ITEM ( )  RATIONAL_B_SPLINE_CURVE ( ( 1.000000000000000000, 0.7776537525362267056, 0.7776537525362267056, 1.000000000000000000 ) ) 
 REPRESENTATION_ITEM ( '' )  );
#1473 = AXIS2_PLACEMENT_3D ( 'NONE', #1308, #1936, #365 ) ;
#1474 = ADVANCED_FACE ( 'NONE', ( #1459 ), #67, .F. ) ;
#1475 = DIRECTION ( 'NONE',  ( 0.000000000000000000, 0.000000000000000000, -1.000000000000000000 ) ) ;
#1476 = CARTESIAN_POINT ( 'NONE',  ( -0.1250000000000000833, 1.790569415042095214, 0.4106549271826872016 ) ) ;
#1477 = EDGE_LOOP ( 'NONE', ( #1772, #234, #479, #105, #1615 ) ) ;
#1478 = CARTESIAN_POINT ( 'NONE',  ( 0.1261810280712317434, -0.3112696061584208085, -0.8255188288535559860 ) ) ;
#1479 = DIRECTION ( 'NONE',  ( 0.000000000000000000, 0.3255681544571603636, -0.9455185755993155139 ) ) ;
#1480 = VERTEX_POINT ( 'NONE', #1946 ) ;
#1481 = DIRECTION ( 'NONE',  ( 0.000000000000000000, -1.000000000000000000, 2.220446049250313574E-16 ) ) ;
#1482 = CARTESIAN_POINT ( 'NONE',  ( -1.077665042944955465, 0.6250000000000005551, 0.1606549271826875347 ) ) ;
#1483 = ORIENTED_EDGE ( 'NONE', *, *, #179, .T. ) ;
#1484 = EDGE_CURVE ( 'NONE', #1098, #61, #230, .T. ) ;
#1485 = DIRECTION ( 'NONE',  ( -0.000000000000000000, -1.000000000000000000, -0.000000000000000000 ) ) ;
#1486 = CARTESIAN_POINT ( 'NONE',  ( -2.296212748401286986E-16, 0.3974311839712929006, -0.6465890908012157379 ) ) ;
#1487 = ORIENTED_EDGE ( 'NONE', *, *, #1758, .T. ) ;
#1488 = B_SPLINE_CURVE_WITH_KNOTS ( 'NONE', 3,
 ( #97, #721, #1340, #1051, #1199, #1669, #1823, #1967, #1356, #421, #569, #269, #1059, #1513, #114, #902, #1521, #1217, #1363, #1840, #314, #1389, #1560, #1693, #324, #1114, #793, #32, #2017, #292 ),
 .UNSPECIFIED., .F., .F.,
 ( 4, 2, 2, 2, 2, 2, 2, 2, 2, 2, 2, 2, 2, 2, 4 ),
 ( 0.01939192212489957573, 0.01989917235790070529, 0.02040642259090183486, 0.02091367282390296095, 0.02142092305690409051, 0.02243542352290634617, 0.02344992398890860183, 0.02446442445491086096, 0.02547892492091311661, 0.02750792585291763834, 0.02852242631891990093, 0.02953692678492216353, 0.03156592771692669219, 0.03359492864893121739, 0.03562392958093574258 ),
 .UNSPECIFIED. ) ;
#1489 = CARTESIAN_POINT ( 'NONE',  ( -0.8124999999999998890, 0.1474311839712924010, 2.471556115575566093 ) ) ;
#1490 = DIRECTION ( 'NONE',  ( 0.000000000000000000, -1.561055996379579475E-16, -1.000000000000000000 ) ) ;
#1491 = EDGE_LOOP ( 'NONE', ( #1855, #327, #483, #1302 ) ) ;
#1492 = DIRECTION ( 'NONE',  ( 1.000000000000000000, 0.000000000000000000, 0.000000000000000000 ) ) ;
#1493 = CALENDAR_DATE ( 2025, 3, 9 ) ;
#1494 = CC_DESIGN_PERSON_AND_ORGANIZATION_ASSIGNMENT ( #134, #1236, ( #353 ) ) ;
#1495 = ORIENTED_EDGE ( 'NONE', *, *, #45, .F. ) ;
#1496 = EDGE_CURVE ( 'NONE', #1325, #1741, #1159, .T. ) ;
#1497 = DIRECTION ( 'NONE',  ( -1.000000000000000000, -9.860761315262647568E-32, -3.073328992872296367E-16 ) ) ;
#1498 = CARTESIAN_POINT ( 'NONE',  ( 0.8125000000000000000, 0.3974311839712922345, -2.896589090801215072 ) ) ;
#1499 = DIRECTION ( 'NONE',  ( 0.000000000000000000, 0.3255681544571603636, -0.9455185755993154029 ) ) ;
#1500 = DIRECTION ( 'NONE',  ( 0.000000000000000000, -1.000000000000000000, 2.220446049250313574E-16 ) ) ;
#1501 = VECTOR ( 'NONE', #1963, 39.37007874015748143 ) ;
#1502 = CARTESIAN_POINT ( 'NONE',  ( 0.8125000000000000000, 0.1249999999999998335, -1.584089090801215516 ) ) ;
#1503 = ORIENTED_EDGE ( 'NONE', *, *, #737, .T. ) ;
#1504 = VECTOR ( 'NONE', #21, 39.37007874015748143 ) ;
#1505 = CC_DESIGN_APPROVAL ( #1668, ( #1666 ) ) ;
#1506 = DIRECTION ( 'NONE',  ( 0.000000000000000000, -5.551115123125782702E-17, 1.000000000000000000 ) ) ;
#1507 = ADVANCED_FACE ( 'NONE', ( #867 ), #1794, .F. ) ;
#1508 = CARTESIAN_POINT ( 'NONE',  ( -1.010841839338854964, 0.1474311839712924288, 0.3901371790056343269 ) ) ;
#1509 = LINE ( 'NONE', #81, #145 ) ;
#1510 = CARTESIAN_POINT ( 'NONE',  ( 0.8125000000000000000, 0.3974311839712922345, -2.896589090801215072 ) ) ;
#1511 = CALENDAR_DATE ( 2025, 3, 9 ) ;
#1512 = ADVANCED_FACE ( 'NONE', ( #1013, #549 ), #1650, .F. ) ;
#1513 = CARTESIAN_POINT ( 'NONE',  ( -0.1389533277440108683, -0.2938820428856799283, -2.352392178208050577 ) ) ;
#1514 = ADVANCED_FACE ( 'NONE', ( #391, #251 ), #1332, .F. ) ;
#1515 = CARTESIAN_POINT ( 'NONE',  ( -0.9087706688195061888, 0.1474311839712924010, 1.345190090111760384 ) ) ;
#1516 = DIRECTION ( 'NONE',  ( 0.000000000000000000, 1.720845688168993032E-15, -1.000000000000000000 ) ) ;
#1517 = AXIS2_PLACEMENT_3D ( 'NONE', #1958, #855, #1171 ) ;
#1518 = DIRECTION ( 'NONE',  ( 0.000000000000000000, 1.000000000000000000, 3.330669073875469621E-16 ) ) ;
#1519 = MANIFOLD_SOLID_BREP ( 'Body-Move/Copy1[1]', #746 ) ;
#1520 = AXIS2_PLACEMENT_3D ( 'NONE', #1486, #561, #1629 ) ;
#1521 = CARTESIAN_POINT ( 'NONE',  ( -0.1621249074151808744, -0.2504014073994484391, -2.374569276385358307 ) ) ;
#1522 = EDGE_CURVE ( 'NONE', #307, #1890, #1254, .T. ) ;
#1523 = DIRECTION ( 'NONE',  ( 0.000000000000000000, 2.775557561562891351E-16, 1.000000000000000000 ) ) ;
#1524 = LINE ( 'NONE', #12, #260 ) ;
#1525 = PLANE ( 'NONE',  #1999 ) ;
#1526 = DIRECTION ( 'NONE',  ( 0.000000000000000000, -1.000000000000000000, -3.330669073875469621E-16 ) ) ;
#1527 = CARTESIAN_POINT ( 'NONE',  ( 0.000000000000000000, 1.020348009653572863, 1.053491875834798641 ) ) ;
#1528 = ADVANCED_FACE ( 'NONE', ( #78, #1182 ), #877, .F. ) ;
#1529 = CARTESIAN_POINT ( 'NONE',  ( 0.000000000000000000, 0.8750000000000002220, -2.677839090801215960 ) ) ;
#1530 = PLANE ( 'NONE',  #592 ) ;
#1531 = DIRECTION ( 'NONE',  ( 0.000000000000000000, -0.3255681544571605857, 0.9455185755993155139 ) ) ;
#1532 = SECURITY_CLASSIFICATION_LEVEL ( 'unclassified' ) ;
#1533 = CARTESIAN_POINT ( 'NONE',  ( 6.858022075225177566E-17, -1.237037006845308262, -0.3160557006366593868 ) ) ;
#1534 = CIRCLE ( 'NONE', #655, 0.1250000000000000278 ) ;
#1535 = FACE_OUTER_BOUND ( 'NONE', #300, .T. ) ;
#1536 = EDGE_LOOP ( 'NONE', ( #367, #1278, #1774, #1426, #1027, #241 ) ) ;
#1537 = CARTESIAN_POINT ( 'NONE',  ( -2.104861686034512824E-16, 0.2724311839712929006, -0.4903390908012155158 ) ) ;
#1538 = MANIFOLD_SOLID_BREP ( 'Body-Move/Copy1[2]', #1020 ) ;
#1539 = CARTESIAN_POINT ( 'NONE',  ( 0.000000000000000000, 1.000000000000000222, 1.046485494235588343 ) ) ;
#1540 = CARTESIAN_POINT ( 'NONE',  ( -0.1263748364907873178, -0.3110314189568766374, -0.8253816658940597017 ) ) ;
#1541 = DIRECTION ( 'NONE',  ( 0.000000000000000000, -1.000000000000000000, 2.220446049250313574E-16 ) ) ;
#1542 = DATE_TIME_ROLE ( 'classification_date' ) ;
#1543 = CARTESIAN_POINT ( 'NONE',  ( -2.028321261087803110E-16, -1.683879298837761107, -0.8653390908012158489 ) ) ;
#1544 = EDGE_LOOP ( 'NONE', ( #665, #850 ) ) ;
#1545 = CARTESIAN_POINT ( 'NONE',  ( -2.104861686034512824E-16, 1.441941738241593551, -0.4903390908012157379 ) ) ;
#1546 = AXIS2_PLACEMENT_3D ( 'NONE', #896, #1036, #263 ) ;
#1547 = ORIENTED_EDGE ( 'NONE', *, *, #1444, .F. ) ;
#1548 = CARTESIAN_POINT ( 'NONE',  ( 0.5625000000000000000, 0.6250000000000005551, 0.1606549271826875347 ) ) ;
#1549 = EDGE_CURVE ( 'NONE', #74, #400, #871, .T. ) ;
#1550 = CARTESIAN_POINT ( 'NONE',  ( -0.8125000000000000000, 0.3974311839712927896, -1.021589090801215960 ) ) ;
#1551 = CARTESIAN_POINT ( 'NONE',  ( -0.1838437348380080327, -0.1854650258532606899, -0.7655726761248459189 ) ) ;
#1552 = ORIENTED_EDGE ( 'NONE', *, *, #1355, .F. ) ;
#1553 = ADVANCED_FACE ( 'NONE', ( #1961 ), #1951, .F. ) ;
#1554 = CARTESIAN_POINT ( 'NONE',  ( 0.000000000000000000, 0.1474311839712924010, 1.345190090111760606 ) ) ;
#1555 = PRODUCT ( '2025-03-24 Fixie Stem', '2025-03-24 Fixie Stem', '', ( #1029 ) ) ;
#1556 = LINE ( 'NONE', #647, #910 ) ;
#1557 = ORIENTED_EDGE ( 'NONE', *, *, #330, .T. ) ;
#1558 = FACE_OUTER_BOUND ( 'NONE', #796, .T. ) ;
#1559 = AXIS2_PLACEMENT_3D ( 'NONE', #478, #1149, #1572 ) ;
#1560 = CARTESIAN_POINT ( 'NONE',  ( -0.1981268599234903005, -0.1036236796523922615, -2.428797862139976615 ) ) ;
#1561 = CARTESIAN_POINT ( 'NONE',  ( -0.03431955035877486820, -0.3702532538708342424, -0.8627333438476563199 ) ) ;
#1562 = EDGE_CURVE ( 'NONE', #1450, #969, #1956, .T. ) ;
#1563 = ORIENTED_EDGE ( 'NONE', *, *, #1673, .T. ) ;
#1564 = CIRCLE ( 'NONE', #886, 0.6250000000000004441 ) ;
#1565 = DIRECTION ( 'NONE',  ( 0.000000000000000000, -1.000000000000000000, 2.220446049250313574E-16 ) ) ;
#1566 = EDGE_CURVE ( 'NONE', #1165, #691, #1328, .T. ) ;
#1567 = VECTOR ( 'NONE', #66, 39.37007874015748143 ) ;
#1568 = CARTESIAN_POINT ( 'NONE',  ( 6.858022075225177566E-17, 0.9375000000000005551, 0.4326974369404478216 ) ) ;
#1569 = ORIENTED_EDGE ( 'NONE', *, *, #1263, .T. ) ;
#1570 = CARTESIAN_POINT ( 'NONE',  ( 0.8125000000000000000, 1.000000000000000222, 1.068546496310846194 ) ) ;
#1571 = LINE ( 'NONE', #170, #885 ) ;
#1572 = DIRECTION ( 'NONE',  ( 0.000000000000000000, 0.000000000000000000, 1.000000000000000000 ) ) ;
#1573 = ORIENTED_EDGE ( 'NONE', *, *, #1676, .T. ) ;
#1574 = CARTESIAN_POINT ( 'NONE',  ( -0.3062184335382290290, 0.6250000000000005551, 0.1606549271826875347 ) ) ;
#1575 = CARTESIAN_POINT ( 'NONE',  ( 0.04031530326245462426, 0.9375000000000004441, 0.4326974369404479881 ) ) ;
#1576 = ORIENTED_EDGE ( 'NONE', *, *, #1895, .F. ) ;
#1577 = DIRECTION ( 'NONE',  ( -1.000000000000000000, -0.000000000000000000, -0.000000000000000000 ) ) ;
#1578 = VECTOR ( 'NONE', #953, 39.37007874015748143 ) ;
#1579 = DIRECTION ( 'NONE',  ( 0.000000000000000000, -1.000000000000000000, 3.330669073875469621E-16 ) ) ;
#1580 = CIRCLE ( 'NONE', #637, 0.1562500000000000000 ) ;
#1581 = DIRECTION ( 'NONE',  ( 0.000000000000000000, 0.3255681544571606412, -0.9455185755993155139 ) ) ;
#1582 = EDGE_LOOP ( 'NONE', ( #1102, #1576 ) ) ;
#1583 = CARTESIAN_POINT ( 'NONE',  ( 6.090853701188582380E-17, 1.790569415042095214, -0.08934507281731272899 ) ) ;
#1584 = ORIENTED_EDGE ( 'NONE', *, *, #1384, .F. ) ;
#1585 = ORIENTED_EDGE ( 'NONE', *, *, #937, .F. ) ;
#1586 = VERTEX_POINT ( 'NONE', #1062 ) ;
#1587 = LINE ( 'NONE', #236, #751 ) ;
#1588 = FACE_OUTER_BOUND ( 'NONE', #514, .T. ) ;
#1589 = AXIS2_PLACEMENT_3D ( 'NONE', #1502, #102, #726 ) ;
#1590 = CARTESIAN_POINT ( 'NONE',  ( 0.8125000000000000000, 1.000000000000000222, 1.112586786809755646 ) ) ;
#1591 = ORIENTED_EDGE ( 'NONE', *, *, #311, .F. ) ;
#1592 = CARTESIAN_POINT ( 'NONE',  ( 0.1849264777853074637, -0.1791636798445152834, -2.404627438176790477 ) ) ;
#1593 = AXIS2_PLACEMENT_3D ( 'NONE', #952, #334, #1093 ) ;
#1594 = AXIS2_PLACEMENT_3D ( 'NONE', #727, #718, #1526 ) ;
#1595 = ORIENTED_EDGE ( 'NONE', *, *, #1484, .F. ) ;
#1596 = ORIENTED_EDGE ( 'NONE', *, *, #317, .F. ) ;
#1597 = ORIENTED_EDGE ( 'NONE', *, *, #1455, .T. ) ;
#1598 = DIRECTION ( 'NONE',  ( 3.278217592397115369E-16, 0.3255681544571605301, -0.9455185755993154029 ) ) ;
#1599 = EDGE_CURVE ( 'NONE', #61, #74, #1910, .T. ) ;
#1600 = DIRECTION ( 'NONE',  ( -0.000000000000000000, 1.000000000000000000, -2.220446049250313081E-16 ) ) ;
#1601 = CYLINDRICAL_SURFACE ( 'NONE', #1213, 0.2187500000000003608 ) ;
#1602 = CARTESIAN_POINT ( 'NONE',  ( -0.6875000000000000000, 0.6250000000000005551, 0.1606549271826875347 ) ) ;
#1603 = ORIENTED_EDGE ( 'NONE', *, *, #518, .T. ) ;
#1604 = FACE_OUTER_BOUND ( 'NONE', #1011, .T. ) ;
#1605 = EDGE_CURVE ( 'NONE', #1249, #451, #1351, .T. ) ;
#1606 = ORIENTED_EDGE ( 'NONE', *, *, #1635, .F. ) ;
#1607 = EDGE_LOOP ( 'NONE', ( #667, #1129 ) ) ;
#1608 = ORIENTED_EDGE ( 'NONE', *, *, #215, .T. ) ;
#1609 = EDGE_CURVE ( 'NONE', #1773, #643, #1981, .T. ) ;
#1610 = VERTEX_POINT ( 'NONE', #1835 ) ;
#1611 = DIRECTION ( 'NONE',  ( -1.000000000000000000, 0.000000000000000000, 0.000000000000000000 ) ) ;
#1612 = CARTESIAN_POINT ( 'NONE',  ( -2.296212748401286986E-16, 0.8750000000000002220, -0.6465890908012160709 ) ) ;
#1613 = FACE_OUTER_BOUND ( 'NONE', #990, .T. ) ;
#1614 = CARTESIAN_POINT ( 'NONE',  ( -0.8125000000000000000, 0.1474311839712923455, -0.2715890908012159599 ) ) ;
#1615 = ORIENTED_EDGE ( 'NONE', *, *, #1263, .F. ) ;
#1616 = CIRCLE ( 'NONE', #740, 0.6250000000000004441 ) ;
#1617 = CARTESIAN_POINT ( 'NONE',  ( 0.05272029893974630038, -0.3652128520533368117, -2.308888433524294292 ) ) ;
#1618 = EDGE_CURVE ( 'NONE', #925, #991, #1197, .T. ) ;
#1619 = EDGE_LOOP ( 'NONE', ( #555, #1623, #1320, #2013 ) ) ;
#1620 = ORIENTED_EDGE ( 'NONE', *, *, #901, .F. ) ;
#1621 = ORIENTED_EDGE ( 'NONE', *, *, #162, .F. ) ;
#1622 = CARTESIAN_POINT ( 'NONE',  ( -2.296212748401286986E-16, 1.441941738241593551, -0.6465890908012160709 ) ) ;
#1623 = ORIENTED_EDGE ( 'NONE', *, *, #1658, .F. ) ;
#1624 = DIRECTION ( 'NONE',  ( -1.000000000000000000, -0.000000000000000000, -0.000000000000000000 ) ) ;
#1625 = DIMENSIONAL_EXPONENTS ( 1.000000000000000000, 0.000000000000000000, 0.000000000000000000, 0.000000000000000000, 0.000000000000000000, 0.000000000000000000, 0.000000000000000000 ) ;
#1626 = EDGE_CURVE ( 'NONE', #1301, #1610, #1509, .T. ) ;
#1627 = ORIENTED_EDGE ( 'NONE', *, *, #951, .F. ) ;
#1628 = DIRECTION ( 'NONE',  ( 0.000000000000000000, 0.000000000000000000, 1.000000000000000000 ) ) ;
#1629 = DIRECTION ( 'NONE',  ( 0.000000000000000000, -1.748382715945125304E-15, 1.000000000000000000 ) ) ;
#1630 = ORIENTED_EDGE ( 'NONE', *, *, #1399, .F. ) ;
#1631 = CARTESIAN_POINT ( 'NONE',  ( 0.1241940392295922679, -0.3136505770632337375, -2.341279497185801084 ) ) ;
#1632 = CIRCLE ( 'NONE', #1362, 0.2187499999999999722 ) ;
#1633 = ORIENTED_EDGE ( 'NONE', *, *, #304, .F. ) ;
#1634 = CARTESIAN_POINT ( 'NONE',  ( -2.296212748401286986E-16, 0.1474311839712919014, -0.6465890908012159599 ) ) ;
#1635 = EDGE_CURVE ( 'NONE', #992, #882, #1818, .T. ) ;
#1636 = CYLINDRICAL_SURFACE ( 'NONE', #233, 0.09374999999999998612 ) ;
#1637 = VECTOR ( 'NONE', #557, 39.37007874015748143 ) ;
#1638 = ORIENTED_EDGE ( 'NONE', *, *, #996, .T. ) ;
#1639 = LINE ( 'NONE', #42, #1471 ) ;
#1640 = DIRECTION ( 'NONE',  ( -1.000000000000000000, -1.109335647967048070E-31, -3.073328992872296367E-16 ) ) ;
#1641 = VERTEX_POINT ( 'NONE', #1056 ) ;
#1642 = CARTESIAN_POINT ( 'NONE',  ( 1.913510623667748400E-17, 0.2724311839712926231, -2.365339090801215960 ) ) ;
#1643 = LINE ( 'NONE', #571, #578 ) ;
#1644 = VERTEX_POINT ( 'NONE', #580 ) ;
#1645 = VECTOR ( 'NONE', #1841, 39.37007874015748143 ) ;
#1646 = CARTESIAN_POINT ( 'NONE',  ( -2.028352487190467015E-16, -0.3740224819584799243, -0.8653390908012161820 ) ) ;
#1647 = ORIENTED_EDGE ( 'NONE', *, *, #317, .T. ) ;
#1648 = CIRCLE ( 'NONE', #1374, 0.6250000000000004441 ) ;
#1649 = CARTESIAN_POINT ( 'NONE',  ( -0.1249999999999999029, 0.6250000000000005551, 0.1606549271826875347 ) ) ;
#1650 = PLANE ( 'NONE',  #1517 ) ;
#1651 = FACE_OUTER_BOUND ( 'NONE', #34, .T. ) ;
#1652 = DIRECTION ( 'NONE',  ( 1.000000000000000000, 0.000000000000000000, 0.000000000000000000 ) ) ;
#1653 = ORIENTED_EDGE ( 'NONE', *, *, #1406, .T. ) ;
#1654 = DIRECTION ( 'NONE',  ( 0.000000000000000000, 0.9455185755993155139, 0.3255681544571604191 ) ) ;
#1655 =( CONVERSION_BASED_UNIT ( 'INCH', #1801 ) LENGTH_UNIT ( ) NAMED_UNIT ( #1625 ) );
#1656 = ORIENTED_EDGE ( 'NONE', *, *, #1399, .T. ) ;
#1657 = DIRECTION ( 'NONE',  ( 0.000000000000000000, -7.024751983708094572E-16, -1.000000000000000000 ) ) ;
#1658 = EDGE_CURVE ( 'NONE', #173, #1141, #1580, .T. ) ;
#1659 = LINE ( 'NONE', #1980, #1190 ) ;
#1660 = CARTESIAN_POINT ( 'NONE',  ( 0.000000000000000000, 0.8750000000000002220, -2.521589090801215960 ) ) ;
#1661 = DIRECTION ( 'NONE',  ( 3.278217592397115369E-16, 0.3255681544571605301, -0.9455185755993154029 ) ) ;
#1662 = AXIS2_PLACEMENT_3D ( 'NONE', #634, #623, #1244 ) ;
#1663 = COORDINATED_UNIVERSAL_TIME_OFFSET ( 5, 0, .BEHIND. ) ;
#1664 = ORIENTED_EDGE ( 'NONE', *, *, #1968, .T. ) ;
#1665 = AXIS2_PLACEMENT_3D ( 'NONE', #1252, #1879, #150 ) ;
#1666 = SECURITY_CLASSIFICATION ( '', '', #1532 ) ;
#1667 = ADVANCED_FACE ( 'NONE', ( #1201 ), #110, .T. ) ;
#1668 = APPROVAL ( #127, 'UNSPECIFIED' ) ;
#1669 = CARTESIAN_POINT ( 'NONE',  ( -0.04638634118169559367, -0.3669314615150546799, -2.307713934817171353 ) ) ;
#1670 = VECTOR ( 'NONE', #1768, 39.37007874015748143 ) ;
#1671 = DIRECTION ( 'NONE',  ( 0.000000000000000000, 6.661338147750939243E-16, 1.000000000000000000 ) ) ;
#1672 = DIRECTION ( 'NONE',  ( 0.000000000000000000, -2.775557561562890858E-16, -1.000000000000000000 ) ) ;
#1673 = EDGE_CURVE ( 'NONE', #958, #868, #711, .T. ) ;
#1674 = DIRECTION ( 'NONE',  ( 0.000000000000000000, 1.000000000000000000, 0.000000000000000000 ) ) ;
#1675 = APPLICATION_PROTOCOL_DEFINITION ( 'international standard', 'config_control_design', 1994, #1815 ) ;
#1676 = EDGE_CURVE ( 'NONE', #375, #1916, #734, .T. ) ;
#1677 = DIRECTION ( 'NONE',  ( 1.000000000000000000, 0.000000000000000000, 0.000000000000000000 ) ) ;
#1678 = CARTESIAN_POINT ( 'NONE',  ( -0.2048749956729611632, -0.03457695560666382284, -0.7233716477742575535 ) ) ;
#1679 = CARTESIAN_POINT ( 'NONE',  ( -2.296212748401286986E-16, 0.2724311839712929006, -0.6465890908012157379 ) ) ;
#1680 = CIRCLE ( 'NONE', #794, 0.6250000000000004441 ) ;
#1681 = CYLINDRICAL_SURFACE ( 'NONE', #1469, 0.1562500000000000555 ) ;
#1682 = CARTESIAN_POINT ( 'NONE',  ( 6.090853701188582380E-17, 0.9375000000000004441, -0.08934507281731247919 ) ) ;
#1683 = AXIS2_PLACEMENT_3D ( 'NONE', #959, #1577, #291 ) ;
#1684 = EDGE_CURVE ( 'NONE', #1759, #1467, #1785, .T. ) ;
#1685 = DIRECTION ( 'NONE',  ( 0.000000000000000000, 0.9455185755993155139, 0.3255681544571604191 ) ) ;
#1686 = FACE_OUTER_BOUND ( 'NONE', #378, .T. ) ;
#1687 = CARTESIAN_POINT ( 'NONE',  ( -0.07219684121152475376, -0.3560395895053636850, -0.8531707885543683423 ) ) ;
#1688 = CARTESIAN_POINT ( 'NONE',  ( 0.1249999999999999167, 0.9375000000000003331, 0.4106549271826873126 ) ) ;
#1689 = DATE_AND_TIME ( #923, #1802 ) ;
#1690 = CIRCLE ( 'NONE', #1424, 0.5599999999999999423 ) ;
#1691 = EDGE_LOOP ( 'NONE', ( #1016, #820 ) ) ;
#1692 = CARTESIAN_POINT ( 'NONE',  ( 0.8125000000000000000, 1.000000000000000222, 1.046485494235588787 ) ) ;
#1693 = CARTESIAN_POINT ( 'NONE',  ( -0.2025364230970650992, -0.06497679671349920749, -2.438630252950958699 ) ) ;
#1694 = DIRECTION ( 'NONE',  ( 0.000000000000000000, -0.9455185755993155139, -0.3255681544571604191 ) ) ;
#1695 = DIRECTION ( 'NONE',  ( 0.000000000000000000, 4.370956789862813261E-16, -1.000000000000000000 ) ) ;
#1696 = FACE_OUTER_BOUND ( 'NONE', #26, .T. ) ;
#1697 = APPROVAL_DATE_TIME ( #1368, #1668 ) ;
#1698 = CARTESIAN_POINT ( 'NONE',  ( 0.8125000000000000000, 0.3974311839712927896, -1.021589090801215738 ) ) ;
#1699 = CIRCLE ( 'NONE', #1083, 0.1562500000000002776 ) ;
#1700 = ORIENTED_EDGE ( 'NONE', *, *, #1626, .F. ) ;
#1701 = CARTESIAN_POINT ( 'NONE',  ( 0.1249999999999999167, 1.790569415042095214, 0.4106549271826873126 ) ) ;
#1702 = EDGE_CURVE ( 'NONE', #999, #992, #1643, .T. ) ;
#1703 = EDGE_CURVE ( 'NONE', #257, #72, #1041, .T. ) ;
#1704 = FACE_OUTER_BOUND ( 'NONE', #347, .T. ) ;
#1705 = DIRECTION ( 'NONE',  ( 0.000000000000000000, -1.000000000000000000, -5.551115123125782702E-17 ) ) ;
#1706 = ORIENTED_EDGE ( 'NONE', *, *, #738, .F. ) ;
#1707 = VECTOR ( 'NONE', #120, 39.37007874015748143 ) ;
#1708 = CARTESIAN_POINT ( 'NONE',  ( 0.8125000000000000000, 0.6250000000000005551, 0.1606549271826875347 ) ) ;
#1709 = CARTESIAN_POINT ( 'NONE',  ( -0.8125000000000000000, 0.1249999999999998335, -1.584089090801215516 ) ) ;
#1710 = EDGE_LOOP ( 'NONE', ( #1591, #2004, #993, #1760 ) ) ;
#1711 = DIRECTION ( 'NONE',  ( -1.000000000000000000, 0.000000000000000000, -0.000000000000000000 ) ) ;
#1712 = VECTOR ( 'NONE', #117, 39.37007874015748143 ) ;
#1713 = ADVANCED_FACE ( 'NONE', ( #1192 ), #1334, .T. ) ;
#1714 = DIRECTION ( 'NONE',  ( 0.000000000000000000, -2.220446049250313081E-16, -1.000000000000000000 ) ) ;
#1715 = CARTESIAN_POINT ( 'NONE',  ( -0.04744193409748350548, -0.3665974587507935811, -0.8602370080644605732 ) ) ;
#1716 = ORIENTED_EDGE ( 'NONE', *, *, #10, .F. ) ;
#1717 = ADVANCED_FACE ( 'NONE', ( #1387, #1228 ), #159, .F. ) ;
#1718 = LINE ( 'NONE', #510, #323 ) ;
#1719 = CARTESIAN_POINT ( 'NONE',  ( 0.08039667885261607416, 0.9375000000000004441, 0.4372840255546193156 ) ) ;
#1720 = ORIENTED_EDGE ( 'NONE', *, *, #1343, .T. ) ;
#1721 = FACE_OUTER_BOUND ( 'NONE', #784, .T. ) ;
#1722 = AXIS2_PLACEMENT_3D ( 'NONE', #2000, #1870, #602 ) ;
#1723 = FACE_OUTER_BOUND ( 'NONE', #964, .T. ) ;
#1724 = DIRECTION ( 'NONE',  ( 0.000000000000000000, -1.000000000000000000, 3.330669073875469621E-16 ) ) ;
#1725 = ORIENTED_EDGE ( 'NONE', *, *, #261, .T. ) ;
#1726 = VECTOR ( 'NONE', #989, 39.37007874015748143 ) ;
#1727 = AXIS2_PLACEMENT_3D ( 'NONE', #542, #1019, #1598 ) ;
#1728 = AXIS2_PLACEMENT_3D ( 'NONE', #1937, #1724, #795 ) ;
#1729 = CARTESIAN_POINT ( 'NONE',  ( -0.8125000000000000000, 0.1474311839712919014, -0.7093766569204307260 ) ) ;
#1730 = AXIS2_PLACEMENT_3D ( 'NONE', #660, #1600, #201 ) ;
#1731 = LINE ( 'NONE', #1533, #1798 ) ;
#1732 = ORIENTED_EDGE ( 'NONE', *, *, #1702, .T. ) ;
#1733 = DIRECTION ( 'NONE',  ( 0.000000000000000000, 1.000000000000000000, -7.216449660063517513E-16 ) ) ;
#1734 = CARTESIAN_POINT ( 'NONE',  ( 6.090853701188582380E-17, 0.1474311839712924288, -0.08934507281731221551 ) ) ;
#1735 = DIRECTION ( 'NONE',  ( 0.000000000000000000, 0.3255681544571603636, -0.9455185755993155139 ) ) ;
#1736 = ORIENTED_EDGE ( 'NONE', *, *, #728, .T. ) ;
#1737 = LINE ( 'NONE', #318, #1726 ) ;
#1738 = ORIENTED_EDGE ( 'NONE', *, *, #626, .T. ) ;
#1739 = AXIS2_PLACEMENT_3D ( 'NONE', #1174, #393, #1025 ) ;
#1740 = ORIENTED_EDGE ( 'NONE', *, *, #1820, .F. ) ;
#1741 = VERTEX_POINT ( 'NONE', #1410 ) ;
#1742 = CARTESIAN_POINT ( 'NONE',  ( 0.8125000000000000000, 0.6758700241339319348, 0.01291764974529448738 ) ) ;
#1743 = DIRECTION ( 'NONE',  ( 0.000000000000000000, 0.000000000000000000, -1.000000000000000000 ) ) ;
#1744 = CARTESIAN_POINT ( 'NONE',  ( 0.1249999999999999861, 0.5741299758660691754, 0.3083922046200806566 ) ) ;
#1745 = EDGE_LOOP ( 'NONE', ( #1430, #680, #1839, #500 ) ) ;
#1746 = CARTESIAN_POINT ( 'NONE',  ( -2.028321261087803110E-16, 0.2724311839712930117, -0.8653390908012162930 ) ) ;
#1747 = EDGE_LOOP ( 'NONE', ( #979, #1419, #1885, #805, #18, #339, #502, #51, #79, #624, #688 ) ) ;
#1748 = ORIENTED_EDGE ( 'NONE', *, *, #844, .T. ) ;
#1749 = ORIENTED_EDGE ( 'NONE', *, *, #599, .F. ) ;
#1750 = CARTESIAN_POINT ( 'NONE',  ( 0.2085886350844050607, 0.04344687276215074279, -0.7125082750420221878 ) ) ;
#1751 = CARTESIAN_POINT ( 'NONE',  ( 0.8125000000000000000, 1.000000000000000222, -2.896589090801215516 ) ) ;
#1752 = ADVANCED_FACE ( 'NONE', ( #473, #1535 ), #649, .T. ) ;
#1753 = AXIS2_PLACEMENT_3D ( 'NONE', #1775, #374, #223 ) ;
#1754 = DIRECTION ( 'NONE',  ( -1.000000000000000000, 0.000000000000000000, -0.000000000000000000 ) ) ;
#1755 = DIRECTION ( 'NONE',  ( 0.000000000000000000, -1.000000000000000000, 3.330669073875468635E-16 ) ) ;
#1756 = ORIENTED_EDGE ( 'NONE', *, *, #1609, .F. ) ;
#1757 = LINE ( 'NONE', #636, #754 ) ;
#1758 = EDGE_CURVE ( 'NONE', #1783, #1929, #9, .T. ) ;
#1759 = VERTEX_POINT ( 'NONE', #2014 ) ;
#1760 = ORIENTED_EDGE ( 'NONE', *, *, #1198, .T. ) ;
#1761 = ORIENTED_EDGE ( 'NONE', *, *, #45, .T. ) ;
#1762 = CARTESIAN_POINT ( 'NONE',  ( 0.1889811074619783260, -0.1598721351500156374, -0.7567603371518142330 ) ) ;
#1763 = EDGE_CURVE ( 'NONE', #1480, #969, #452, .T. ) ;
#1764 = AXIS2_PLACEMENT_3D ( 'NONE', #1145, #813, #1743 ) ;
#1765 = EDGE_CURVE ( 'NONE', #72, #257, #1982, .T. ) ;
#1766 = CARTESIAN_POINT ( 'NONE',  ( 0.000000000000000000, 0.3974311839712922345, -2.677839090801215960 ) ) ;
#1767 = EDGE_CURVE ( 'NONE', #868, #702, #428, .T. ) ;
#1768 = DIRECTION ( 'NONE',  ( 1.000000000000000000, 0.000000000000000000, 0.000000000000000000 ) ) ;
#1769 = DIRECTION ( 'NONE',  ( -0.000000000000000000, -1.000000000000000000, -1.665334536937734811E-15 ) ) ;
#1770 = ORIENTED_EDGE ( 'NONE', *, *, #661, .T. ) ;
#1771 = CARTESIAN_POINT ( 'NONE',  ( 0.1388537992795266518, -0.2940321173863540416, -2.352310234012901624 ) ) ;
#1772 = ORIENTED_EDGE ( 'NONE', *, *, #907, .T. ) ;
#1773 = VERTEX_POINT ( 'NONE', #629 ) ;
#1774 = ORIENTED_EDGE ( 'NONE', *, *, #996, .F. ) ;
#1775 = CARTESIAN_POINT ( 'NONE',  ( -9.217231288153329628E-17, 1.790569415042095214, 0.4106549271826873126 ) ) ;
#1776 = EDGE_LOOP ( 'NONE', ( #646, #1463, #1893, #935, #719, #1552, #669, #187, #220 ) ) ;
#1777 = CARTESIAN_POINT ( 'NONE',  ( 6.858022075225177566E-17, 0.9375000000000005551, 0.4326974369404478216 ) ) ;
#1778 = EDGE_LOOP ( 'NONE', ( #70, #1938, #1740, #1451 ) ) ;
#1779 = AXIS2_PLACEMENT_3D ( 'NONE', #1033, #1023, #1805 ) ;
#1780 = ADVANCED_FACE ( 'NONE', ( #1239, #1721 ), #949, .T. ) ;
#1781 = CARTESIAN_POINT ( 'NONE',  ( -0.8125000000000000000, 0.1474311839712920680, -0.7093766569204309480 ) ) ;
#1782 = CARTESIAN_POINT ( 'NONE',  ( 0.8125000000000000000, 0.3974311839712922345, -2.896589090801215072 ) ) ;
#1783 = VERTEX_POINT ( 'NONE', #19 ) ;
#1784 = EDGE_CURVE ( 'NONE', #1136, #494, #301, .T. ) ;
#1785 = CIRCLE ( 'NONE', #671, 0.5599999999999999423 ) ;
#1786 = DIRECTION ( 'NONE',  ( 0.000000000000000000, 1.000000000000000000, 0.000000000000000000 ) ) ;
#1787 = ORIENTED_EDGE ( 'NONE', *, *, #121, .T. ) ;
#1788 = CARTESIAN_POINT ( 'NONE',  ( 0.5565013477072630055, 1.000000000000000222, 1.112586786809755646 ) ) ;
#1789 = ORIENTED_EDGE ( 'NONE', *, *, #423, .T. ) ;
#1790 = DIRECTION ( 'NONE',  ( 0.000000000000000000, 0.000000000000000000, 1.000000000000000000 ) ) ;
#1791 = VERTEX_POINT ( 'NONE', #916 ) ;
#1792 = APPROVAL ( #267, 'UNSPECIFIED' ) ;
#1793 = CARTESIAN_POINT ( 'NONE',  ( 0.5565013477072630055, 1.000000000000000222, 1.112586786809755646 ) ) ;
#1794 = CYLINDRICAL_SURFACE ( 'NONE', #1779, 0.1250000000000000278 ) ;
#1795 = VERTEX_POINT ( 'NONE', #1867 ) ;
#1796 = DIRECTION ( 'NONE',  ( -1.000000000000000000, 0.000000000000000000, -0.000000000000000000 ) ) ;
#1797 = DIRECTION ( 'NONE',  ( 0.000000000000000000, 0.9455185755993155139, 0.3255681544571604191 ) ) ;
#1798 = VECTOR ( 'NONE', #760, 39.37007874015748854 ) ;
#1799 = ORIENTED_EDGE ( 'NONE', *, *, #674, .T. ) ;
#1800 = PLANE ( 'NONE',  #98 ) ;
#1801 = LENGTH_MEASURE_WITH_UNIT ( LENGTH_MEASURE( 0.02539999999999999897 ), #1337 );
#1802 = LOCAL_TIME ( 15, 46, 55.00000000000000000, #2010 ) ;
#1803 = ORIENTED_EDGE ( 'NONE', *, *, #1484, .T. ) ;
#1804 = CARTESIAN_POINT ( 'NONE',  ( 0.000000000000000000, 0.1474311839712914851, -2.521589090801215960 ) ) ;
#1805 = DIRECTION ( 'NONE',  ( 0.000000000000000000, 0.000000000000000000, -1.000000000000000000 ) ) ;
#1806 = AXIS2_PLACEMENT_3D ( 'NONE', #1926, #1786, #1311 ) ;
#1807 = CARTESIAN_POINT ( 'NONE',  ( 0.000000000000000000, -1.683879298837762217, -2.302839090801215516 ) ) ;
#1808 = CARTESIAN_POINT ( 'NONE',  ( -1.077665042944955465, 0.6250000000000005551, 0.1606549271826875347 ) ) ;
#1809 = ORIENTED_EDGE ( 'NONE', *, *, #1984, .T. ) ;
#1810 = CARTESIAN_POINT ( 'NONE',  ( -0.1249999999999998612, 0.6555220144803594051, 0.07201256072025172261 ) ) ;
#1811 = ORIENTED_EDGE ( 'NONE', *, *, #1456, .T. ) ;
#1812 = EDGE_CURVE ( 'NONE', #1865, #1400, #148, .T. ) ;
#1813 = AXIS2_PLACEMENT_3D ( 'NONE', #434, #296, #1225 ) ;
#1814 = DIRECTION ( 'NONE',  ( 0.000000000000000000, -0.3255681544571604191, 0.9455185755993155139 ) ) ;
#1815 = APPLICATION_CONTEXT ( 'configuration controlled 3d designs of mechanical parts and assemblies' ) ;
#1816 = DIRECTION ( 'NONE',  ( -1.000000000000000000, 0.000000000000000000, -0.000000000000000000 ) ) ;
#1817 = CARTESIAN_POINT ( 'NONE',  ( 0.8125000000000000000, 0.1249999999999998335, -1.584089090801215516 ) ) ;
#1818 = CIRCLE ( 'NONE', #90, 0.6250000000000004441 ) ;
#1819 = LINE ( 'NONE', #1314, #919 ) ;
#1820 = EDGE_CURVE ( 'NONE', #197, #85, #1261, .T. ) ;
#1821 = PERSON_AND_ORGANIZATION ( #956, #485 ) ;
#1822 = ORIENTED_EDGE ( 'NONE', *, *, #1198, .F. ) ;
#1823 = CARTESIAN_POINT ( 'NONE',  ( -0.05262979254512814564, -0.3647860496255186935, -2.309171056987424198 ) ) ;
#1824 = EDGE_CURVE ( 'NONE', #1098, #682, #484, .T. ) ;
#1825 = CARTESIAN_POINT ( 'NONE',  ( -0.1972622358099759554, -0.1103204390397547474, -0.7412260034164426248 ) ) ;
#1826 = CARTESIAN_POINT ( 'NONE',  ( 0.000000000000000000, 1.020348009653572863, 1.053491875834798641 ) ) ;
#1827 = ADVANCED_FACE ( 'NONE', ( #1558 ), #762, .F. ) ;
#1828 = CARTESIAN_POINT ( 'NONE',  ( 0.8125000000000000000, 0.8750000000000002220, 1.112586786809755646 ) ) ;
#1829 = CIRCLE ( 'NONE', #482, 0.8750000000000002220 ) ;
#1830 = EDGE_CURVE ( 'NONE', #384, #176, #1414, .T. ) ;
#1831 = CIRCLE ( 'NONE', #1053, 0.09374999999999997224 ) ;
#1832 = DIRECTION ( 'NONE',  ( -3.642463991552351944E-16, -0.3255681544571606967, 0.9455185755993155139 ) ) ;
#1833 = CIRCLE ( 'NONE', #889, 0.1250000000000000000 ) ;
#1834 = CYLINDRICAL_SURFACE ( 'NONE', #410, 0.2187500000000003608 ) ;
#1835 = CARTESIAN_POINT ( 'NONE',  ( -2.296212748401286986E-16, 0.3974311839712927341, -0.8028390908012160709 ) ) ;
#1836 = CARTESIAN_POINT ( 'NONE',  ( -0.8125000000000000000, 0.1474311839712923455, -0.2715890908012159599 ) ) ;
#1837 = PERSON_AND_ORGANIZATION_ROLE ( 'design_owner' ) ;
#1838 = ADVANCED_FACE ( 'NONE', ( #1377 ), #2005, .F. ) ;
#1839 = ORIENTED_EDGE ( 'NONE', *, *, #1100, .T. ) ;
#1840 = CARTESIAN_POINT ( 'NONE',  ( -0.1901465089923118079, -0.1545971051776390826, -2.413320077632665761 ) ) ;
#1841 = DIRECTION ( 'NONE',  ( 0.000000000000000000, -1.000000000000000000, 2.220446049250313574E-16 ) ) ;
#1842 = DIRECTION ( 'NONE',  ( 0.000000000000000000, 0.9455185755993154029, 0.3255681544571603636 ) ) ;
#1843 = EDGE_CURVE ( 'NONE', #71, #1071, #476, .T. ) ;
#1844 = AXIS2_PLACEMENT_3D ( 'NONE', #1274, #1264, #217 ) ;
#1845 = LINE ( 'NONE', #922, #1122 ) ;
#1846 = AXIS2_PLACEMENT_3D ( 'NONE', #1971, #1026, #1988 ) ;
#1847 = CARTESIAN_POINT ( 'NONE',  ( 0.8100925873009825473, 1.000000000000000222, 1.112586786809755646 ) ) ;
#1848 = EDGE_LOOP ( 'NONE', ( #1902, #835, #56, #222, #1087, #1630, #1942 ) ) ;
#1849 = LINE ( 'NONE', #577, #1339 ) ;
#1850 = CARTESIAN_POINT ( 'NONE',  ( 6.858022075225177566E-17, 1.000000000000000222, 0.4542179127710520015 ) ) ;
#1851 = FACE_OUTER_BOUND ( 'NONE', #1778, .T. ) ;
#1852 = CARTESIAN_POINT ( 'NONE',  ( -0.8125000000000000000, 0.1474311839712923455, -0.2715890908012159599 ) ) ;
#1853 = EDGE_CURVE ( 'NONE', #1024, #1393, #1616, .T. ) ;
#1854 = CIRCLE ( 'NONE', #559, 0.1562500000000000278 ) ;
#1855 = ORIENTED_EDGE ( 'NONE', *, *, #832, .T. ) ;
#1856 = EDGE_LOOP ( 'NONE', ( #28, #1955, #68, #1700 ) ) ;
#1857 = CARTESIAN_POINT ( 'NONE',  ( 0.1249999999999999167, 1.790569415042095214, 0.4106549271826873126 ) ) ;
#1858 = VECTOR ( 'NONE', #1506, 39.37007874015748143 ) ;
#1859 = AXIS2_PLACEMENT_3D ( 'NONE', #341, #212, #188 ) ;
#1860 = DIRECTION ( 'NONE',  ( 0.000000000000000000, 0.000000000000000000, -1.000000000000000000 ) ) ;
#1861 = DIRECTION ( 'NONE',  ( 0.000000000000000000, -1.000000000000000000, 2.220446049250313574E-16 ) ) ;
#1862 = FACE_BOUND ( 'NONE', #156, .T. ) ;
#1863 = CARTESIAN_POINT ( 'NONE',  ( 0.5624999999999998890, 0.5537819662124967568, 0.3674871155950377721 ) ) ;
#1864 = EDGE_CURVE ( 'NONE', #695, #211, #1010, .T. ) ;
#1865 = VERTEX_POINT ( 'NONE', #1292 ) ;
#1866 = ORIENTED_EDGE ( 'NONE', *, *, #1853, .T. ) ;
#1867 = CARTESIAN_POINT ( 'NONE',  ( 0.8125000000000000000, 0.1474311839712910688, -2.458801524682000750 ) ) ;
#1868 = DIRECTION ( 'NONE',  ( 0.000000000000000000, -0.3255681544571604746, 0.9455185755993155139 ) ) ;
#1869 = EDGE_CURVE ( 'NONE', #940, #412, #63, .T. ) ;
#1870 = DIRECTION ( 'NONE',  ( -1.000000000000000000, 0.000000000000000000, -0.000000000000000000 ) ) ;
#1871 = PLANE ( 'NONE',  #1922 ) ;
#1872 = EDGE_LOOP ( 'NONE', ( #1596, #1930, #1248, #568 ) ) ;
#1873 = CARTESIAN_POINT ( 'NONE',  ( 0.1569963232176133094, -0.2617963497273934070, -2.369049565860280371 ) ) ;
#1874 = ORIENTED_EDGE ( 'NONE', *, *, #1100, .F. ) ;
#1875 = ADVANCED_FACE ( 'NONE', ( #851 ), #683, .F. ) ;
#1876 = ORIENTED_EDGE ( 'NONE', *, *, #844, .F. ) ;
#1877 = CARTESIAN_POINT ( 'NONE',  ( 0.000000000000000000, 0.2724311839712926231, -2.521589090801215960 ) ) ;
#1878 = AXIS2_PLACEMENT_3D ( 'NONE', #1113, #1733, #333 ) ;
#1879 = DIRECTION ( 'NONE',  ( 1.000000000000000000, 0.000000000000000000, 0.000000000000000000 ) ) ;
#1880 = PLANE ( 'NONE',  #1559 ) ;
#1881 = ORIENTED_EDGE ( 'NONE', *, *, #983, .T. ) ;
#1882 = CARTESIAN_POINT ( 'NONE',  ( 0.8125000000000000000, 0.1249999999999998335, -1.584089090801215516 ) ) ;
#1883 = VERTEX_POINT ( 'NONE', #659 ) ;
#1884 = EDGE_CURVE ( 'NONE', #249, #1024, #1564, .T. ) ;
#1885 = ORIENTED_EDGE ( 'NONE', *, *, #738, .T. ) ;
#1886 = CARTESIAN_POINT ( 'NONE',  ( 0.8125000000000000000, 0.1474311839712910688, -2.896589090801215072 ) ) ;
#1887 = AXIS2_PLACEMENT_3D ( 'NONE', #460, #331, #1259 ) ;
#1888 = DIRECTION ( 'NONE',  ( 0.000000000000000000, -1.000000000000000000, 2.220446049250313081E-16 ) ) ;
#1889 = CARTESIAN_POINT ( 'NONE',  ( 6.090853701188582380E-17, 1.790569415042095214, -0.08934507281731272899 ) ) ;
#1890 = VERTEX_POINT ( 'NONE', #1454 ) ;
#1891 = VECTOR ( 'NONE', #1965, 39.37007874015748143 ) ;
#1892 = CARTESIAN_POINT ( 'NONE',  ( -0.8125000000000000000, 0.3974311839712922900, -0.2715890908012159044 ) ) ;
#1893 = ORIENTED_EDGE ( 'NONE', *, *, #1767, .T. ) ;
#1894 = ORIENTED_EDGE ( 'NONE', *, *, #442, .F. ) ;
#1895 = EDGE_CURVE ( 'NONE', #412, #1400, #588, .T. ) ;
#1896 = ORIENTED_EDGE ( 'NONE', *, *, #1935, .F. ) ;
#1897 = CARTESIAN_POINT ( 'NONE',  ( 0.2097450517218892030, 0.1214510129857482440, -0.7087104196835859460 ) ) ;
#1898 = AXIS2_PLACEMENT_3D ( 'NONE', #1583, #358, #501 ) ;
#1899 = DIRECTION ( 'NONE',  ( -0.000000000000000000, 0.9455185755993154029, 0.3255681544571603636 ) ) ;
#1900 = VECTOR ( 'NONE', #123, 39.37007874015748143 ) ;
#1901 = DIRECTION ( 'NONE',  ( -1.000000000000000000, -0.000000000000000000, -0.000000000000000000 ) ) ;
#1902 = ORIENTED_EDGE ( 'NONE', *, *, #747, .F. ) ;
#1903 = CARTESIAN_POINT ( 'NONE',  ( 0.000000000000000000, 0.3974311839712923455, -2.521589090801215960 ) ) ;
#1904 = VERTEX_POINT ( 'NONE', #822 ) ;
#1905 = VECTOR ( 'NONE', #1950, 39.37007874015748143 ) ;
#1906 = EDGE_LOOP ( 'NONE', ( #1597, #1237 ) ) ;
#1907 = ORIENTED_EDGE ( 'NONE', *, *, #1618, .T. ) ;
#1908 = FACE_OUTER_BOUND ( 'NONE', #392, .T. ) ;
#1909 = PLANE ( 'NONE',  #1307 ) ;
#1910 = CIRCLE ( 'NONE', #53, 0.6250000000000004441 ) ;
#1911 = DIRECTION ( 'NONE',  ( -1.000000000000000000, 0.000000000000000000, -0.000000000000000000 ) ) ;
#1912 = LINE ( 'NONE', #987, #1578 ) ;
#1913 = ORIENTED_EDGE ( 'NONE', *, *, #2012, .T. ) ;
#1914 = CARTESIAN_POINT ( 'NONE',  ( 0.1710358202185504328, -0.2275152486382156225, -2.385037688063332162 ) ) ;
#1915 = EDGE_LOOP ( 'NONE', ( #1256, #340, #1803, #226 ) ) ;
#1916 = VERTEX_POINT ( 'NONE', #1009 ) ;
#1917 = EDGE_CURVE ( 'NONE', #400, #811, #1587, .T. ) ;
#1918 = ORIENTED_EDGE ( 'NONE', *, *, #898, .T. ) ;
#1919 = CARTESIAN_POINT ( 'NONE',  ( 0.2029405251860717796, -0.06022702914529865642, -0.7285241708663821036 ) ) ;
#1920 = EDGE_CURVE ( 'NONE', #710, #1916, #1831, .T. ) ;
#1921 = CARTESIAN_POINT ( 'NONE',  ( 6.090853701188582380E-17, 0.9375000000000004441, -0.08934507281731247919 ) ) ;
#1922 = AXIS2_PLACEMENT_3D ( 'NONE', #603, #1705, #776 ) ;
#1923 = DIRECTION ( 'NONE',  ( 0.000000000000000000, 0.000000000000000000, -1.000000000000000000 ) ) ;
#1924 = CARTESIAN_POINT ( 'NONE',  ( 0.1250000000000001110, -1.241637003625840618, -0.3026963399493635132 ) ) ;
#1925 = ORIENTED_EDGE ( 'NONE', *, *, #1345, .T. ) ;
#1926 = CARTESIAN_POINT ( 'NONE',  ( 0.8125000000000000000, 0.9375000000000003331, 1.112586786809755646 ) ) ;
#1927 = AXIS2_PLACEMENT_3D ( 'NONE', #1413, #1888, #1714 ) ;
#1928 = ORIENTED_EDGE ( 'NONE', *, *, #1406, .F. ) ;
#1929 = VERTEX_POINT ( 'NONE', #1431 ) ;
#1930 = ORIENTED_EDGE ( 'NONE', *, *, #160, .T. ) ;
#1931 = ORIENTED_EDGE ( 'NONE', *, *, #1599, .F. ) ;
#1932 = CARTESIAN_POINT ( 'NONE',  ( -0.04031530326245483936, 0.9375000000000004441, 0.4326974369404479881 ) ) ;
#1933 = EDGE_CURVE ( 'NONE', #176, #384, #947, .T. ) ;
#1934 = AXIS2_PLACEMENT_3D ( 'NONE', #1158, #548, #825 ) ;
#1935 = EDGE_CURVE ( 'NONE', #1118, #1109, #1110, .T. ) ;
#1936 = DIRECTION ( 'NONE',  ( 0.000000000000000000, 1.000000000000000000, -2.220446049250313081E-16 ) ) ;
#1937 = CARTESIAN_POINT ( 'NONE',  ( 6.090853701188582380E-17, 0.1474311839712924288, -0.08934507281731221551 ) ) ;
#1938 = ORIENTED_EDGE ( 'NONE', *, *, #728, .F. ) ;
#1939 = CARTESIAN_POINT ( 'NONE',  ( 0.1639353874584184578, -0.2461312103153458219, -0.7915891154144812925 ) ) ;
#1940 = EDGE_LOOP ( 'NONE', ( #1725, #312, #1315, #1736 ) ) ;
#1941 = CARTESIAN_POINT ( 'NONE',  ( 0.8125000000000000000, 0.1474311839712922345, 0.7529225086472240980 ) ) ;
#1942 = ORIENTED_EDGE ( 'NONE', *, *, #630, .F. ) ;
#1943 = VERTEX_POINT ( 'NONE', #75 ) ;
#1944 = CIRCLE ( 'NONE', #115, 0.1562500000000002776 ) ;
#1945 = CARTESIAN_POINT ( 'NONE',  ( -0.8125000000000000000, 0.3974311839712925121, -2.146589090801215960 ) ) ;
#1946 = CARTESIAN_POINT ( 'NONE',  ( 0.1249999999999999167, 0.9375000000000004441, 0.4106549271826875902 ) ) ;
#1947 = EDGE_LOOP ( 'NONE', ( #1279, #492, #1112, #1031 ) ) ;
#1948 = AXIS2_PLACEMENT_3D ( 'NONE', #1166, #1281, #670 ) ;
#1949 = CARTESIAN_POINT ( 'NONE',  ( 0.1772399139800431012, -0.2105084134287294184, -0.7755487705011293587 ) ) ;
#1950 = DIRECTION ( 'NONE',  ( 0.000000000000000000, -1.000000000000000000, 2.220446049250313574E-16 ) ) ;
#1951 = CYLINDRICAL_SURFACE ( 'NONE', #180, 0.09374999999999998612 ) ;
#1952 = ORIENTED_EDGE ( 'NONE', *, *, #1143, .T. ) ;
#1953 = LINE ( 'NONE', #1510, #444 ) ;
#1954 = DIRECTION ( 'NONE',  ( 0.000000000000000000, 1.000000000000000000, -9.436895709313830594E-16 ) ) ;
#1955 = ORIENTED_EDGE ( 'NONE', *, *, #1784, .T. ) ;
#1956 = B_SPLINE_CURVE_WITH_KNOTS ( 'NONE', 3,
 ( #887, #860, #416, #92 ),
 .UNSPECIFIED., .F., .F.,
 ( 4, 4 ),
 ( 3.903127820947815962E-18, 0.002878519030627192145 ),
 .UNSPECIFIED. ) ;
#1957 = CARTESIAN_POINT ( 'NONE',  ( 0.5964464146050504345, 1.000000000000000222, 0.7364210020386129374 ) ) ;
#1958 = CARTESIAN_POINT ( 'NONE',  ( -2.296212748401286986E-16, 0.2724311839712930117, -0.6465890908012159599 ) ) ;
#1959 = AXIS2_PLACEMENT_3D ( 'NONE', #1466, #1654, #707 ) ;
#1960 = CARTESIAN_POINT ( 'NONE',  ( -0.1988432371780890773, -0.09778984209242470860, -0.7378279138337849874 ) ) ;
#1961 = FACE_OUTER_BOUND ( 'NONE', #137, .T. ) ;
#1962 = ORIENTED_EDGE ( 'NONE', *, *, #261, .F. ) ;
#1963 = DIRECTION ( 'NONE',  ( -3.073328992872295381E-16, 3.330669073875469621E-16, 1.000000000000000000 ) ) ;
#1964 = CIRCLE ( 'NONE', #1076, 0.1250000000000000278 ) ;
#1965 = DIRECTION ( 'NONE',  ( 3.073328992872296367E-16, 0.000000000000000000, -1.000000000000000000 ) ) ;
#1966 = ORIENTED_EDGE ( 'NONE', *, *, #1063, .T. ) ;
#1967 = CARTESIAN_POINT ( 'NONE',  ( -0.06477734015073806362, -0.3597386060044082123, -2.312555092715603777 ) ) ;
#1968 = EDGE_CURVE ( 'NONE', #643, #682, #696, .T. ) ;
#1969 = AXIS2_PLACEMENT_3D ( 'NONE', #1882, #1437, #1405 ) ;
#1970 = CARTESIAN_POINT ( 'NONE',  ( -2.104861686034512824E-16, 0.3974311839712926231, -0.4903390908012155158 ) ) ;
#1971 = CARTESIAN_POINT ( 'NONE',  ( 0.000000000000000000, 1.020348009653572863, 1.053491875834798197 ) ) ;
#1972 = CYLINDRICAL_SURFACE ( 'NONE', #1959, 0.5600000000000000533 ) ;
#1973 = PERSON_AND_ORGANIZATION_ROLE ( 'creator' ) ;
#1974 = DESIGN_CONTEXT ( 'detailed design', #1330, 'design' ) ;
#1975 = ORIENTED_EDGE ( 'NONE', *, *, #576, .T. ) ;
#1976 = ADVANCED_FACE ( 'NONE', ( #1908 ), #1636, .F. ) ;
#1977 = EDGE_CURVE ( 'NONE', #1904, #1929, #31, .T. ) ;
#1978 = LINE ( 'NONE', #129, #350 ) ;
#1979 = EDGE_CURVE ( 'NONE', #1439, #1128, #736, .T. ) ;
#1980 = CARTESIAN_POINT ( 'NONE',  ( 0.8125000000000000000, 0.1474311839712910688, -2.458801524682000750 ) ) ;
#1981 = LINE ( 'NONE', #705, #414 ) ;
#1982 = CIRCLE ( 'NONE', #379, 0.2187499999999999445 ) ;
#1983 = DIRECTION ( 'NONE',  ( 0.000000000000000000, 0.000000000000000000, 1.000000000000000000 ) ) ;
#1984 = EDGE_CURVE ( 'NONE', #1260, #1163, #394, .T. ) ;
#1985 = CARTESIAN_POINT ( 'NONE',  ( 0.8125000000000000000, 0.1249999999999998335, -1.584089090801215516 ) ) ;
#1986 = EDGE_CURVE ( 'NONE', #1440, #1470, #899, .T. ) ;
#1987 = CARTESIAN_POINT ( 'NONE',  ( -0.8125000000000000000, 0.1474311839712922345, 0.7529225086472240980 ) ) ;
#1988 = DIRECTION ( 'NONE',  ( 0.000000000000000000, -0.3255681544571604746, 0.9455185755993155139 ) ) ;
#1989 = FACE_OUTER_BOUND ( 'NONE', #1776, .T. ) ;
#1990 = VECTOR ( 'NONE', #1954, 39.37007874015748143 ) ;
#1991 = ADVANCED_FACE ( 'NONE', ( #1327 ), #1048, .T. ) ;
#1992 = LINE ( 'NONE', #1066, #1858 ) ;
#1993 = CARTESIAN_POINT ( 'NONE',  ( 0.5624999999999998890, 0.6962180337875044644, -0.04617726122966270275 ) ) ;
#1994 = FACE_OUTER_BOUND ( 'NONE', #1491, .T. ) ;
#1995 = DIRECTION ( 'NONE',  ( 0.000000000000000000, 0.3255681544571606412, -0.9455185755993155139 ) ) ;
#1996 = APPROVAL_ROLE ( '' ) ;
#1997 = ORIENTED_EDGE ( 'NONE', *, *, #1830, .F. ) ;
#1998 = CARTESIAN_POINT ( 'NONE',  ( -3.122595204330516647E-21, -0.3740224819584790361, -2.302839090801215516 ) ) ;
#1999 = AXIS2_PLACEMENT_3D ( 'NONE', #1828, #1674, #897 ) ;
#2000 = CARTESIAN_POINT ( 'NONE',  ( 0.8125000000000000000, 0.1249999999999998335, -1.584089090801215516 ) ) ;
#2001 = DIRECTION ( 'NONE',  ( 0.000000000000000000, -8.741913579725626522E-16, -1.000000000000000000 ) ) ;
#2002 = LINE ( 'NONE', #1359, #1034 ) ;
#2003 = ORIENTED_EDGE ( 'NONE', *, *, #1562, .T. ) ;
#2004 = ORIENTED_EDGE ( 'NONE', *, *, #1605, .F. ) ;
#2005 = CYLINDRICAL_SURFACE ( 'NONE', #281, 0.2187499999999999445 ) ;
#2006 = LINE ( 'NONE', #11, #1233 ) ;
#2007 = LINE ( 'NONE', #610, #865 ) ;
#2008 = CARTESIAN_POINT ( 'NONE',  ( -0.1249999999999998751, -1.241637003625841285, -0.3026963399493635132 ) ) ;
#2009 = CYLINDRICAL_SURFACE ( 'NONE', #49, 0.5600000000000000533 ) ;
#2010 = COORDINATED_UNIVERSAL_TIME_OFFSET ( 5, 0, .BEHIND. ) ;
#2011 = ORIENTED_EDGE ( 'NONE', *, *, #747, .T. ) ;
#2012 = EDGE_CURVE ( 'NONE', #1439, #1260, #1203, .T. ) ;
#2013 = ORIENTED_EDGE ( 'NONE', *, *, #533, .T. ) ;
#2014 = CARTESIAN_POINT ( 'NONE',  ( -0.5565013477072630055, 1.000000000000000222, 1.112586786809755646 ) ) ;
#2015 = CIRCLE ( 'NONE', #265, 0.1562500000000000278 ) ;
#2016 = LOCAL_TIME ( 15, 46, 55.00000000000000000, #906 ) ;
#2017 = CARTESIAN_POINT ( 'NONE',  ( -0.2097515935261509701, 0.1205996491906590334, -2.459489594348766239 ) ) ;
ENDSEC;
END-ISO-10303-21;
